arquivo,tipo_recorte,binarizacao,texto_bruto,texto_limpo,conf_media,placa_real,acuracia_caractere,acuracia_placa
frame_000000_d0_recorte_justo.jpg,justo,Otsu,HONDUH,HONDUH,-0.8,HONDUH,1.000,1
frame_000001_d0_recorte_justo.jpg,justo,Otsu,HONDUH,HONDUH,-0.8,HONDUH,1.000,1
frame_000002_d0_recorte_justo.jpg,justo,Otsu,HONDUH,HONDUH,-0.8,HONDUH,1.000,1
frame_000003_d0_recorte_justo.jpg,justo,Otsu,HONDUH,HONDUH,-0.8,HONDUH,1.000,1
frame_000004_d0_recorte_justo.jpg,justo,Otsu,HONDUH,HONDUH,-0.8,HONDUH,1.000,1
frame_000005_d0_recorte_justo.jpg,justo,Otsu,HONDUH,HONDUH,-0.8,HONDUH,1.000,1
frame_000006_d0_recorte_justo.jpg,justo,Otsu,HONDUH,HONDUH,-0.8,HONDUH,1.000,1
frame_000007_d0_recorte_justo.jpg,justo,Otsu,HONDUH,HONDUH,-0.8,HONDUH,1.000,1
frame_000008_d0_recorte_justo.jpg,justo,Otsu,HONDUH,HONDUH,-0.8,HONDUH,1.000,1
frame_000009_d0_recorte_justo.jpg,justo,Otsu,HONDUH,HONDUH,-0.8,HONDUH,1.000,1
frame_000010_d0_recorte_justo.jpg,justo,Otsu,HONDUH,HONDUH,-0.8,HONDUH,1.000,1
frame_000011_d0_recorte_justo.jpg,justo,Otsu,HONDUH,HONDUH,-0.8,HONDUH,1.000,1
frame_000012_d0_recorte_justo.jpg,justo,Otsu,HONDUH,HONDUH,-0.8,HONDUH,1.000,1
frame_000013_d0_recorte_justo.jpg,justo,Otsu,HONDUH,HONDUH,-0.8,HONDUH,1.000,1
frame_000014_d0_recorte_justo.jpg,justo,Otsu,HONDUH,HONDUH,-0.8,HONDUH,1.000,1
frame_000015_d0_recorte_justo.jpg,justo,Otsu,HONDUH,HONDUH,-0.8,HONDUH,1.000,1
frame_000016_d0_recorte_justo.jpg,justo,Otsu,HONDUH,HONDUH,-0.8,HONDUH,1.000,1
frame_000017_d0_recorte_justo.jpg,justo,Otsu,HONDUH,HONDUH,-0.8,HONDUH,1.000,1
frame_000018_d0_recorte_justo.jpg,justo,Otsu,HONDUH,HONDUH,-0.8,HONDUH,1.000,1
frame_000019_d0_recorte_justo.jpg,justo,Otsu,HONDUH,HONDUH,-0.8,HONDUH,1.000,1
frame_000021_d0_recorte_justo.jpg,justo,Otsu,TTHELESS,TTHELESS,12.0,TIMELESS,0.750,0
frame_000022_d0_recorte_justo.jpg,justo,Otsu,TIMELESS,TIMELESS,9.2,TIMELESS,1.000,1
frame_000023_d0_recorte_justo.jpg,justo,Otsu,TIMELESS,TIMELESS,9.2,TIMELESS,1.000,1
frame_000024_d0_recorte_justo.jpg,justo,Otsu,TIMELESS,TIMELESS,9.2,TIMELESS,1.000,1
frame_000025_d0_recorte_justo.jpg,justo,Otsu,TIMELESS,TIMELESS,9.2,TIMELESS,1.000,1
frame_000026_d0_recorte_justo.jpg,justo,Otsu,TIMELESS,TIMELESS,9.2,TIMELESS,1.000,1
frame_000027_d0_recorte_justo.jpg,justo,Otsu,TIMELESS,TIMELESS,9.2,TIMELESS,1.000,1
frame_000028_d0_recorte_justo.jpg,justo,Otsu,TIMELESS,TIMELESS,9.2,TIMELESS,1.000,1
frame_000029_d0_recorte_justo.jpg,justo,Otsu,TIMELESS,TIMELESS,9.2,TIMELESS,1.000,1
frame_000030_d0_recorte_justo.jpg,justo,Otsu,TIMELESS,TIMELESS,9.2,TIMELESS,1.000,1
frame_000031_d0_recorte_justo.jpg,justo,Otsu,TIMELESS,TIMELESS,9.2,TIMELESS,1.000,1
frame_000032_d0_recorte_justo.jpg,justo,Otsu,TIMELESS,TIMELESS,9.2,TIMELESS,1.000,1
frame_000033_d0_recorte_justo.jpg,justo,Otsu,TIMELESS,TIMELESS,9.2,TIMELESS,1.000,1
frame_000034_d0_recorte_justo.jpg,justo,Otsu,TIMELESS,TIMELESS,9.2,TIMELESS,1.000,1
frame_000035_d0_recorte_justo.jpg,justo,Otsu,TIMELESS,TIMELESS,9.2,TIMELESS,1.000,1
frame_000036_d0_recorte_justo.jpg,justo,Otsu,TIMELESS,TIMELESS,9.2,TIMELESS,1.000,1
frame_000037_d0_recorte_justo.jpg,justo,Otsu,TIMELESS,TIMELESS,9.2,TIMELESS,1.000,1
frame_000038_d0_recorte_justo.jpg,justo,Otsu,TIMELESS,TIMELESS,9.2,TIMELESS,1.000,1
frame_000039_d0_recorte_justo.jpg,justo,Otsu,TIMELESS,TIMELESS,9.2,TIMELESS,1.000,1
frame_000040_d0_recorte_justo.jpg,justo,Otsu,TIMELESS,TIMELESS,9.2,TIMELESS,1.000,1
frame_000041_d0_recorte_justo.jpg,justo,Otsu,TIMELESS,TIMELESS,9.2,TIMELESS,1.000,1
frame_000042_d0_recorte_justo.jpg,justo,Otsu,TIMELESS,TIMELESS,9.2,TIMELESS,1.000,1
frame_000043_d0_recorte_justo.jpg,justo,Otsu,EEKABUG,EEKABUG,-0.8,EEWABUG,0.857,0
frame_000044_d0_recorte_justo.jpg,justo,Otsu,EEKABUG,EEKABUG,-0.8,EEWABUG,0.857,0
frame_000045_d0_recorte_justo.jpg,justo,Otsu,EEKABUG,EEKABUG,-0.8,EEWABUG,0.857,0
frame_000046_d0_recorte_justo.jpg,justo,Otsu,EEKABUG,EEKABUG,-0.8,EEWABUG,0.857,0
frame_000047_d0_recorte_justo.jpg,justo,Otsu,EEKABUG,EEKABUG,-0.8,EEWABUG,0.857,0
frame_000048_d0_recorte_justo.jpg,justo,Otsu,EEKABUG,EEKABUG,-0.8,EEWABUG,0.857,0
frame_000049_d0_recorte_justo.jpg,justo,Otsu,EEKABUG,EEKABUG,-0.8,EEWABUG,0.857,0
frame_000050_d0_recorte_justo.jpg,justo,Otsu,EEKABUG,EEKABUG,-0.8,EEWABUG,0.857,0
frame_000051_d0_recorte_justo.jpg,justo,Otsu,EEKABUG,EEKABUG,-0.8,EEWABUG,0.857,0
frame_000052_d0_recorte_justo.jpg,justo,Otsu,EEKABUG,EEKABUG,-0.8,EEWABUG,0.857,0
frame_000053_d0_recorte_justo.jpg,justo,Otsu,EEKABUG,EEKABUG,-0.8,EEWABUG,0.857,0
frame_000054_d0_recorte_justo.jpg,justo,Otsu,EEWABUG,EEWABUG,-0.8,EEWABUG,1.000,1
frame_000055_d0_recorte_justo.jpg,justo,Otsu,EEWABUG,EEWABUG,-0.8,EEWABUG,1.000,1
frame_000056_d0_recorte_justo.jpg,justo,Otsu,EEWABUG,EEWABUG,-0.8,EEWABUG,1.000,1
frame_000057_d0_recorte_justo.jpg,justo,Otsu,EEWABUG,EEWABUG,-0.8,EEWABUG,1.000,1
frame_000058_d0_recorte_justo.jpg,justo,Otsu,EEWABUG,EEWABUG,-0.8,EEWABUG,1.000,1
frame_000059_d0_recorte_justo.jpg,justo,Otsu,EEWABUG,EEWABUG,-0.8,EEWABUG,1.000,1
frame_000060_d0_recorte_justo.jpg,justo,Otsu,EEWABUG,EEWABUG,-0.8,EEWABUG,1.000,1
frame_000061_d0_recorte_justo.jpg,justo,Otsu,PIKACHU,PIKACHU,-0.8,PIKACHU,1.000,1
frame_000062_d0_recorte_justo.jpg,justo,Otsu,PIKACHU,PIKACHU,-0.8,PIKACHU,1.000,1
frame_000063_d0_recorte_justo.jpg,justo,Otsu,PIKACHU,PIKACHU,-0.8,PIKACHU,1.000,1
frame_000064_d0_recorte_justo.jpg,justo,Otsu,PIKACHU,PIKACHU,-0.8,PIKACHU,1.000,1
frame_000065_d0_recorte_justo.jpg,justo,Otsu,PIKACHU,PIKACHU,-0.8,PIKACHU,1.000,1
frame_000066_d0_recorte_justo.jpg,justo,Otsu,PIKACHU,PIKACHU,-0.8,PIKACHU,1.000,1
frame_000067_d0_recorte_justo.jpg,justo,Otsu,PIKACHU,PIKACHU,-0.8,PIKACHU,1.000,1
frame_000068_d0_recorte_justo.jpg,justo,Otsu,PIKACHU,PIKACHU,-0.8,PIKACHU,1.000,1
frame_000069_d0_recorte_justo.jpg,justo,Otsu,PIKACHU,PIKACHU,-0.8,PIKACHU,1.000,1
frame_000070_d0_recorte_justo.jpg,justo,Otsu,PIKACHU,PIKACHU,-0.8,PIKACHU,1.000,1
frame_000071_d0_recorte_justo.jpg,justo,Otsu,PIKACHU,PIKACHU,-0.8,PIKACHU,1.000,1
frame_000072_d0_recorte_justo.jpg,justo,Otsu,PIKACHU,PIKACHU,-0.8,PIKACHU,1.000,1
frame_000073_d0_recorte_justo.jpg,justo,Otsu,PIKACHU,PIKACHU,-0.8,PIKACHU,1.000,1
frame_000074_d0_recorte_justo.jpg,justo,Otsu,PIKACHU,PIKACHU,-0.8,PIKACHU,1.000,1
frame_000075_d0_recorte_justo.jpg,justo,Otsu,PIKACHU,PIKACHU,-0.8,PIKACHU,1.000,1
frame_000076_d0_recorte_justo.jpg,justo,Otsu,PIKACHU,PIKACHU,-0.8,PIKACHU,1.000,1
frame_000077_d0_recorte_justo.jpg,justo,Otsu,PIKACHU,PIKACHU,-0.8,PIKACHU,1.000,1
frame_000078_d0_recorte_justo.jpg,justo,Otsu,PIKACHU,PIKACHU,-0.8,PIKACHU,1.000,1
frame_000079_d0_recorte_justo.jpg,justo,Otsu,PIKACHU,PIKACHU,-0.8,PIKACHU,1.000,1
frame_000080_d0_recorte_justo.jpg,justo,Otsu,,,-1.0,OHIFIT,0.000,0
frame_000081_d0_recorte_justo.jpg,justo,Otsu,,,-1.0,OHIFIT,0.000,0
frame_000082_d0_recorte_justo.jpg,justo,Otsu,,,-1.0,OHIFIT,0.000,0
frame_000083_d0_recorte_justo.jpg,justo,Otsu,,,-1.0,OHIFIT,0.000,0
frame_000084_d0_recorte_justo.jpg,justo,Otsu,,,-1.0,OHIFIT,0.000,0
frame_000085_d0_recorte_justo.jpg,justo,Otsu,,,-1.0,OHIFIT,0.000,0
frame_000086_d0_recorte_justo.jpg,justo,Otsu,,,-1.0,OHIFIT,0.000,0
frame_000087_d0_recorte_justo.jpg,justo,Otsu,,,-1.0,OHIFIT,0.000,0
frame_000088_d0_recorte_justo.jpg,justo,Otsu,,,-1.0,OHIFIT,0.000,0
frame_000089_d0_recorte_justo.jpg,justo,Otsu,,,-1.0,OHIFIT,0.000,0
frame_000090_d0_recorte_justo.jpg,justo,Otsu,,,-1.0,OHIFIT,0.000,0
frame_000091_d0_recorte_justo.jpg,justo,Otsu,,,-1.0,OHIFIT,0.000,0
frame_000092_d0_recorte_justo.jpg,justo,Otsu,,,-1.0,OHIFIT,0.000,0
frame_000093_d0_recorte_justo.jpg,justo,Otsu,,,-1.0,OHIFIT,0.000,0
frame_000094_d0_recorte_justo.jpg,justo,Otsu,,,-1.0,OHIFIT,0.000,0
frame_000095_d0_recorte_justo.jpg,justo,Otsu,,,-1.0,OHIFIT,0.000,0
frame_000096_d0_recorte_justo.jpg,justo,Otsu,,,-1.0,OHIFIT,0.000,0
frame_000097_d0_recorte_justo.jpg,justo,Otsu,,,-1.0,OHIFIT,0.000,0
frame_000098_d0_recorte_justo.jpg,justo,Otsu,,,-1.0,OHIFIT,0.000,0
frame_000099_d0_recorte_justo.jpg,justo,Otsu,,,-1.0,OHIFIT,0.000,0
frame_000100_d0_recorte_justo.jpg,justo,Otsu,,,-1.0,OHIFIT,0.000,0
frame_000101_d0_recorte_justo.jpg,justo,Otsu,OEIS,OEIS,-0.8,EWGAS,0.000,0
frame_000102_d0_recorte_justo.jpg,justo,Otsu,OGIS,OGIS,-0.8,EWGAS,0.000,0
frame_000103_d0_recorte_justo.jpg,justo,Otsu,OGIS,OGIS,-0.8,EWGAS,0.000,0
frame_000104_d0_recorte_justo.jpg,justo,Otsu,OGIS,OGIS,-0.8,EWGAS,0.000,0
frame_000105_d0_recorte_justo.jpg,justo,Otsu,OGIS,OGIS,-0.8,EWGAS,0.000,0
frame_000106_d0_recorte_justo.jpg,justo,Otsu,OGIS,OGIS,-0.8,EWGAS,0.000,0
frame_000107_d0_recorte_justo.jpg,justo,Otsu,RUS,RUS,-0.8,EWGAS,0.000,0
frame_000108_d0_recorte_justo.jpg,justo,Otsu,RUS,RUS,-0.8,EWGAS,0.000,0
frame_000109_d0_recorte_justo.jpg,justo,Otsu,RUS,RUS,-0.8,EWGAS,0.000,0
frame_000110_d0_recorte_justo.jpg,justo,Otsu,RUS,RUS,-0.8,EWGAS,0.000,0
frame_000111_d0_recorte_justo.jpg,justo,Otsu,RUS,RUS,-0.8,EWGAS,0.000,0
frame_000112_d0_recorte_justo.jpg,justo,Otsu,RUS,RUS,-0.8,EWGAS,0.000,0
frame_000113_d0_recorte_justo.jpg,justo,Otsu,RUS,RUS,-0.8,EWGAS,0.000,0
frame_000114_d0_recorte_justo.jpg,justo,Otsu,RUS,RUS,-0.8,EWGAS,0.000,0
frame_000115_d0_recorte_justo.jpg,justo,Otsu,RUS,RUS,-0.8,EWGAS,0.000,0
frame_000116_d0_recorte_justo.jpg,justo,Otsu,RUS,RUS,-0.8,EWGAS,0.000,0
frame_000117_d0_recorte_justo.jpg,justo,Otsu,RUS,RUS,-0.8,EWGAS,0.000,0
frame_000118_d0_recorte_justo.jpg,justo,Otsu,OFZELDA,OFZELDA,-0.8,OFZELDA,1.000,1
frame_000119_d0_recorte_justo.jpg,justo,Otsu,OFZELDA,OFZELDA,-0.8,OFZELDA,1.000,1
frame_000120_d0_recorte_justo.jpg,justo,Otsu,OFZELDA,OFZELDA,-0.8,OFZELDA,1.000,1
frame_000121_d0_recorte_justo.jpg,justo,Otsu,OFZELDA,OFZELDA,-0.8,OFZELDA,1.000,1
frame_000122_d0_recorte_justo.jpg,justo,Otsu,OFZELDA,OFZELDA,-0.8,OFZELDA,1.000,1
frame_000123_d0_recorte_justo.jpg,justo,Otsu,OFZELDA,OFZELDA,-0.8,OFZELDA,1.000,1
frame_000124_d0_recorte_justo.jpg,justo,Otsu,OFZELDA,OFZELDA,-0.8,OFZELDA,1.000,1
frame_000125_d0_recorte_justo.jpg,justo,Otsu,OFZELDA,OFZELDA,-0.8,OFZELDA,1.000,1
frame_000126_d0_recorte_justo.jpg,justo,Otsu,OFZELDA,OFZELDA,-0.8,OFZELDA,1.000,1
frame_000127_d0_recorte_justo.jpg,justo,Otsu,OFZELDA,OFZELDA,-0.8,OFZELDA,1.000,1
frame_000128_d0_recorte_justo.jpg,justo,Otsu,OFZELDA,OFZELDA,-0.8,OFZELDA,1.000,1
frame_000129_d0_recorte_justo.jpg,justo,Otsu,OFZELDA,OFZELDA,-0.8,OFZELDA,1.000,1
frame_000130_d0_recorte_justo.jpg,justo,Otsu,OFZELDA,OFZELDA,-0.8,OFZELDA,1.000,1
frame_000131_d0_recorte_justo.jpg,justo,Otsu,OFZELDA,OFZELDA,-0.8,OFZELDA,1.000,1
frame_000132_d0_recorte_justo.jpg,justo,Otsu,OFZELDA,OFZELDA,-0.8,OFZELDA,1.000,1
frame_000133_d0_recorte_justo.jpg,justo,Otsu,OFZELDA,OFZELDA,-0.8,OFZELDA,1.000,1
frame_000134_d0_recorte_justo.jpg,justo,Otsu,OFZELDA,OFZELDA,-0.8,OFZELDA,1.000,1
frame_000135_d0_recorte_justo.jpg,justo,Otsu,OFZELDA,OFZELDA,-0.8,OFZELDA,1.000,1
frame_000136_d0_recorte_justo.jpg,justo,Otsu,OFZELDA,OFZELDA,-0.8,OFZELDA,1.000,1
frame_000137_d0_recorte_justo.jpg,justo,Otsu,OFZELDA,OFZELDA,-0.8,OFZELDA,1.000,1
frame_000138_d0_recorte_justo.jpg,justo,Otsu,OFZELDA,OFZELDA,-0.8,OFZELDA,1.000,1
frame_000139_d0_recorte_justo.jpg,justo,Otsu,OFZELDA,OFZELDA,-0.8,OFZELDA,1.000,1
frame_000140_d0_recorte_justo.jpg,justo,Otsu,OFZELDA,OFZELDA,-0.8,OFZELDA,1.000,1
frame_000141_d0_recorte_justo.jpg,justo,Otsu,OFZELDA,OFZELDA,-0.8,OFZELDA,1.000,1
frame_000142_d0_recorte_justo.jpg,justo,Otsu,OFZELDA,OFZELDA,-0.8,OFZELDA,1.000,1
frame_000143_d0_recorte_justo.jpg,justo,Otsu,OFZELDA,OFZELDA,-0.8,OFZELDA,1.000,1
frame_000144_d0_recorte_justo.jpg,justo,Otsu,OFZELDA,OFZELDA,-0.8,OFZELDA,1.000,1
frame_000145_d0_recorte_justo.jpg,justo,Otsu,OFZELDA,OFZELDA,-0.8,OFZELDA,1.000,1
frame_000146_d0_recorte_justo.jpg,justo,Otsu,IBYE401K,IBYE401K,-0.8,BYE4O1K,0.000,0
frame_000147_d0_recorte_justo.jpg,justo,Otsu,IBYE401K,IBYE401K,-0.8,BYE4O1K,0.000,0
frame_000148_d0_recorte_justo.jpg,justo,Otsu,IBYE401K,IBYE401K,-0.8,BYE4O1K,0.000,0
frame_000149_d0_recorte_justo.jpg,justo,Otsu,IBYE401K,IBYE401K,-0.8,BYE4O1K,0.000,0
frame_000150_d0_recorte_justo.jpg,justo,Otsu,IBYE401K,IBYE401K,-0.8,BYE4O1K,0.000,0
frame_000151_d0_recorte_justo.jpg,justo,Otsu,IBYE401K,IBYE401K,-0.8,BYE4O1K,0.000,0
frame_000152_d0_recorte_justo.jpg,justo,Otsu,IBYE401K,IBYE401K,-0.8,BYE4O1K,0.000,0
frame_000153_d0_recorte_justo.jpg,justo,Otsu,IBYE401K,IBYE401K,-0.8,BYE4O1K,0.000,0
frame_000154_d0_recorte_justo.jpg,justo,Otsu,IBYE401K,IBYE401K,-0.8,BYE4O1K,0.000,0
frame_000155_d0_recorte_justo.jpg,justo,Otsu,IBYE401K,IBYE401K,-0.8,BYE4O1K,0.000,0
frame_000156_d0_recorte_justo.jpg,justo,Otsu,IBYE401K,IBYE401K,-0.8,BYE4O1K,0.000,0
frame_000157_d0_recorte_justo.jpg,justo,Otsu,IBYE401K,IBYE401K,-0.8,BYE4O1K,0.000,0
frame_000158_d0_recorte_justo.jpg,justo,Otsu,IBYE401K,IBYE401K,-0.8,BYE4O1K,0.000,0
frame_000159_d0_recorte_justo.jpg,justo,Otsu,IBYE401K,IBYE401K,-0.8,BYE4O1K,0.000,0
frame_000160_d0_recorte_justo.jpg,justo,Otsu,IBYE402K,IBYE402K,-0.8,BYE4O1K,0.000,0
frame_000161_d0_recorte_justo.jpg,justo,Otsu,NUAHAHA,NUAHAHA,-0.8,MUAHAHA,0.857,0
frame_000162_d0_recorte_justo.jpg,justo,Otsu,NUAHAHA,NUAHAHA,-0.8,MUAHAHA,0.857,0
frame_000163_d0_recorte_justo.jpg,justo,Otsu,NUAHAHA,NUAHAHA,-0.8,MUAHAHA,0.857,0
frame_000164_d0_recorte_justo.jpg,justo,Otsu,NUAHAHA,NUAHAHA,-0.8,MUAHAHA,0.857,0
frame_000165_d0_recorte_justo.jpg,justo,Otsu,NUAHAHA,NUAHAHA,-0.8,MUAHAHA,0.857,0
frame_000166_d0_recorte_justo.jpg,justo,Otsu,NUAHAHA,NUAHAHA,-0.8,MUAHAHA,0.857,0
frame_000167_d0_recorte_justo.jpg,justo,Otsu,NUAHAHA,NUAHAHA,-0.8,MUAHAHA,0.857,0
frame_000168_d0_recorte_justo.jpg,justo,Otsu,NUAHAHA,NUAHAHA,-0.8,MUAHAHA,0.857,0
frame_000169_d0_recorte_justo.jpg,justo,Otsu,NUAHAHA,NUAHAHA,-0.8,MUAHAHA,0.857,0
frame_000170_d0_recorte_justo.jpg,justo,Otsu,NUAHAHA,NUAHAHA,-0.8,MUAHAHA,0.857,0
frame_000171_d0_recorte_justo.jpg,justo,Otsu,NUAHAHA,NUAHAHA,-0.8,MUAHAHA,0.857,0
frame_000172_d0_recorte_justo.jpg,justo,Otsu,NUAHAHA,NUAHAHA,-0.8,MUAHAHA,0.857,0
frame_000173_d0_recorte_justo.jpg,justo,Otsu,NUAHAHA,NUAHAHA,-0.8,MUAHAHA,0.857,0
frame_000174_d0_recorte_justo.jpg,justo,Otsu,NUAHAHA,NUAHAHA,-0.8,MUAHAHA,0.857,0
frame_000175_d0_recorte_justo.jpg,justo,Otsu,NUAHAHA,NUAHAHA,-0.8,MUAHAHA,0.857,0
frame_000176_d0_recorte_justo.jpg,justo,Otsu,NUAHAHA,NUAHAHA,-0.8,MUAHAHA,0.857,0
frame_000177_d0_recorte_justo.jpg,justo,Otsu,NUAHAHA,NUAHAHA,-0.8,MUAHAHA,0.857,0
frame_000178_d0_recorte_justo.jpg,justo,Otsu,NUAHAHA,NUAHAHA,-0.8,MUAHAHA,0.857,0
frame_000179_d0_recorte_justo.jpg,justo,Otsu,NUAHAHA,NUAHAHA,-0.8,MUAHAHA,0.857,0
frame_000180_d0_recorte_justo.jpg,justo,Otsu,NUAHAHA,NUAHAHA,-0.8,MUAHAHA,0.857,0
frame_000181_d0_recorte_justo.jpg,justo,Otsu,NUAHAHA,NUAHAHA,-0.8,MUAHAHA,0.857,0
frame_000182_d0_recorte_justo.jpg,justo,Otsu,NUAHAHA,NUAHAHA,-0.8,MUAHAHA,0.857,0
frame_000183_d0_recorte_justo.jpg,justo,Otsu,NUAHAHA,NUAHAHA,-0.8,MUAHAHA,0.857,0
frame_000184_d0_recorte_justo.jpg,justo,Otsu,ORTANTE,ORTANTE,-0.8,ORINNIE,0.571,0
frame_000185_d0_recorte_justo.jpg,justo,Otsu,ORTANTE,ORTANTE,-0.8,ORINNIE,0.571,0
frame_000186_d0_recorte_justo.jpg,justo,Otsu,ORTANTE,ORTANTE,-0.8,ORINNIE,0.571,0
frame_000187_d0_recorte_justo.jpg,justo,Otsu,ORTANTE,ORTANTE,-0.8,ORINNIE,0.571,0
frame_000188_d0_recorte_justo.jpg,justo,Otsu,ORTANTE,ORTANTE,-0.8,ORINNIE,0.571,0
frame_000189_d0_recorte_justo.jpg,justo,Otsu,ORTANTE,ORTANTE,-0.8,ORINNIE,0.571,0
frame_000190_d0_recorte_justo.jpg,justo,Otsu,ORTANTE,ORTANTE,-0.8,ORINNIE,0.571,0
frame_000191_d0_recorte_justo.jpg,justo,Otsu,ORTANTE,ORTANTE,-0.8,ORINNIE,0.571,0
frame_000192_d0_recorte_justo.jpg,justo,Otsu,ORTANTE,ORTANTE,-0.8,ORINNIE,0.571,0
frame_000193_d0_recorte_justo.jpg,justo,Otsu,ORTANTE,ORTANTE,-0.8,ORINNIE,0.571,0
frame_000194_d0_recorte_justo.jpg,justo,Otsu,ORTANTE,ORTANTE,-0.8,ORINNIE,0.571,0
frame_000195_d0_recorte_justo.jpg,justo,Otsu,ORTANTE,ORTANTE,-0.8,ORINNIE,0.571,0
frame_000196_d0_recorte_justo.jpg,justo,Otsu,ORTANTE,ORTANTE,-0.8,ORINNIE,0.571,0
frame_000197_d0_recorte_justo.jpg,justo,Otsu,ORTANTE,ORTANTE,-0.8,ORINNIE,0.571,0
frame_000198_d0_recorte_justo.jpg,justo,Otsu,ORTANTE,ORTANTE,-0.8,ORINNIE,0.571,0
frame_000199_d0_recorte_justo.jpg,justo,Otsu,ORTANTE,ORTANTE,-0.8,ORINNIE,0.571,0
frame_000200_d0_recorte_justo.jpg,justo,Otsu,ORTANTE,ORTANTE,-0.8,ORINNIE,0.571,0
frame_000201_d0_recorte_justo.jpg,justo,Otsu,ORTANTE,ORTANTE,-0.8,ORINNIE,0.571,0
frame_000202_d0_recorte_justo.jpg,justo,Otsu,ORTANTE,ORTANTE,-0.8,ORINNIE,0.571,0
frame_000203_d0_recorte_justo.jpg,justo,Otsu,WUBEYONDS,WUBEYONDS,-0.8,NBEYOND,0.000,0
frame_000204_d0_recorte_justo.jpg,justo,Otsu,WUBEYONDS,WUBEYONDS,-0.8,NBEYOND,0.000,0
frame_000205_d0_recorte_justo.jpg,justo,Otsu,WUBEYONDS,WUBEYONDS,-0.8,NBEYOND,0.000,0
frame_000206_d0_recorte_justo.jpg,justo,Otsu,WUBEYONDS,WUBEYONDS,-0.8,NBEYOND,0.000,0
frame_000207_d0_recorte_justo.jpg,justo,Otsu,WUBEYONDS,WUBEYONDS,-0.8,NBEYOND,0.000,0
frame_000208_d0_recorte_justo.jpg,justo,Otsu,WUBEYONDS,WUBEYONDS,-0.8,NBEYOND,0.000,0
frame_000209_d0_recorte_justo.jpg,justo,Otsu,WUBEYONDS,WUBEYONDS,-0.8,NBEYOND,0.000,0
frame_000210_d0_recorte_justo.jpg,justo,Otsu,WUBEYONDS,WUBEYONDS,-0.8,NBEYOND,0.000,0
frame_000211_d0_recorte_justo.jpg,justo,Otsu,WUBEYONDS,WUBEYONDS,-0.8,NBEYOND,0.000,0
frame_000212_d0_recorte_justo.jpg,justo,Otsu,WUBEYONDS,WUBEYONDS,-0.8,NBEYOND,0.000,0
frame_000213_d0_recorte_justo.jpg,justo,Otsu,WUBEYONDS,WUBEYONDS,-0.8,NBEYOND,0.000,0
frame_000214_d0_recorte_justo.jpg,justo,Otsu,BEYOND,BEYOND,4.2,NBEYOND,0.000,0
frame_000215_d0_recorte_justo.jpg,justo,Otsu,BEYOND,BEYOND,4.2,NBEYOND,0.000,0
frame_000216_d0_recorte_justo.jpg,justo,Otsu,BEYOND,BEYOND,4.2,NBEYOND,0.000,0
frame_000217_d0_recorte_justo.jpg,justo,Otsu,BEYOND,BEYOND,4.2,NBEYOND,0.000,0
frame_000218_d0_recorte_justo.jpg,justo,Otsu,BEYOND,BEYOND,4.2,NBEYOND,0.000,0
frame_000219_d0_recorte_justo.jpg,justo,Otsu,BEYOND,BEYOND,4.2,NBEYOND,0.000,0
frame_000220_d0_recorte_justo.jpg,justo,Otsu,BEYOND,BEYOND,4.2,NBEYOND,0.000,0
frame_000221_d0_recorte_justo.jpg,justo,Otsu,BEYOND,BEYOND,4.2,NBEYOND,0.000,0
frame_000222_d0_recorte_justo.jpg,justo,Otsu,BEYOND,BEYOND,4.2,NBEYOND,0.000,0
frame_000223_d0_recorte_justo.jpg,justo,Otsu,BEYOND,BEYOND,4.2,NBEYOND,0.000,0
frame_000224_d0_recorte_justo.jpg,justo,Otsu,BEYOND,BEYOND,4.2,NBEYOND,0.000,0
frame_000225_d0_recorte_justo.jpg,justo,Otsu,TOYYODA,TOYYODA,-0.8,TOYYODA,1.000,1
frame_000226_d0_recorte_justo.jpg,justo,Otsu,TOYYODA,TOYYODA,-0.8,TOYYODA,1.000,1
frame_000227_d0_recorte_justo.jpg,justo,Otsu,TOYYODA,TOYYODA,-0.8,TOYYODA,1.000,1
frame_000228_d0_recorte_justo.jpg,justo,Otsu,TOYYODA,TOYYODA,-0.8,TOYYODA,1.000,1
frame_000229_d0_recorte_justo.jpg,justo,Otsu,TOYYODA,TOYYODA,-0.8,TOYYODA,1.000,1
frame_000230_d0_recorte_justo.jpg,justo,Otsu,TOYYODA,TOYYODA,-0.8,TOYYODA,1.000,1
frame_000231_d0_recorte_justo.jpg,justo,Otsu,TOYYODA,TOYYODA,-0.8,TOYYODA,1.000,1
frame_000232_d0_recorte_justo.jpg,justo,Otsu,TOYYODA,TOYYODA,-0.8,TOYYODA,1.000,1
frame_000233_d0_recorte_justo.jpg,justo,Otsu,TOYYODA,TOYYODA,-0.8,TOYYODA,1.000,1
frame_000234_d0_recorte_justo.jpg,justo,Otsu,TOYYODA,TOYYODA,-0.8,TOYYODA,1.000,1
frame_000235_d0_recorte_justo.jpg,justo,Otsu,TOYYODA,TOYYODA,-0.8,TOYYODA,1.000,1
frame_000236_d0_recorte_justo.jpg,justo,Otsu,TOYYODA,TOYYODA,-0.8,TOYYODA,1.000,1
frame_000237_d0_recorte_justo.jpg,justo,Otsu,TOYYODA,TOYYODA,-0.8,TOYYODA,1.000,1
frame_000238_d0_recorte_justo.jpg,justo,Otsu,TOYYODA,TOYYODA,-0.8,TOYYODA,1.000,1
frame_000239_d0_recorte_justo.jpg,justo,Otsu,TOYYODA,TOYYODA,-0.8,TOYYODA,1.000,1
frame_000240_d0_recorte_justo.jpg,justo,Otsu,TOYYODA,TOYYODA,-0.8,TOYYODA,1.000,1
frame_000241_d0_recorte_justo.jpg,justo,Otsu,TOYYODA,TOYYODA,-0.8,TOYYODA,1.000,1
frame_000242_d0_recorte_justo.jpg,justo,Otsu,TOYYODA,TOYYODA,-0.8,TOYYODA,1.000,1
frame_000243_d0_recorte_justo.jpg,justo,Otsu,TOYYODA,TOYYODA,-0.8,TOYYODA,1.000,1
frame_000244_d0_recorte_justo.jpg,justo,Otsu,INEED2P,INEED2P,-0.8,INEED2P,1.000,1
frame_000244_d1_recorte_justo.jpg,justo,Otsu,,,-1.0,INEED2P,0.000,0
frame_000245_d0_recorte_justo.jpg,justo,Otsu,INEED2P,INEED2P,-0.8,INEED2P,1.000,1
frame_000245_d1_recorte_justo.jpg,justo,Otsu,,,-1.0,INEED2P,0.000,0
frame_000246_d0_recorte_justo.jpg,justo,Otsu,INEED2P,INEED2P,-0.8,INEED2P,1.000,1
frame_000246_d1_recorte_justo.jpg,justo,Otsu,,,-1.0,INEED2P,0.000,0
frame_000247_d0_recorte_justo.jpg,justo,Otsu,INEED2P,INEED2P,-0.8,INEED2P,1.000,1
frame_000247_d1_recorte_justo.jpg,justo,Otsu,,,-1.0,INEED2P,0.000,0
frame_000248_d0_recorte_justo.jpg,justo,Otsu,INEED2P,INEED2P,-0.8,INEED2P,1.000,1
frame_000248_d1_recorte_justo.jpg,justo,Otsu,,,-1.0,INEED2P,0.000,0
frame_000249_d0_recorte_justo.jpg,justo,Otsu,INEED2P,INEED2P,-0.8,INEED2P,1.000,1
frame_000249_d1_recorte_justo.jpg,justo,Otsu,,,-1.0,INEED2P,0.000,0
frame_000250_d0_recorte_justo.jpg,justo,Otsu,INEED2P,INEED2P,-0.8,INEED2P,1.000,1
frame_000250_d1_recorte_justo.jpg,justo,Otsu,,,-1.0,INEED2P,0.000,0
frame_000251_d0_recorte_justo.jpg,justo,Otsu,INEED2P,INEED2P,-0.8,INEED2P,1.000,1
frame_000251_d1_recorte_justo.jpg,justo,Otsu,,,-1.0,INEED2P,0.000,0
frame_000252_d0_recorte_justo.jpg,justo,Otsu,INEED2P,INEED2P,-0.8,INEED2P,1.000,1
frame_000252_d1_recorte_justo.jpg,justo,Otsu,,,-1.0,INEED2P,0.000,0
frame_000253_d0_recorte_justo.jpg,justo,Otsu,INEED2P,INEED2P,-0.8,INEED2P,1.000,1
frame_000253_d1_recorte_justo.jpg,justo,Otsu,,,-1.0,INEED2P,0.000,0
frame_000254_d0_recorte_justo.jpg,justo,Otsu,INEED2P,INEED2P,-0.8,INEED2P,1.000,1
frame_000254_d1_recorte_justo.jpg,justo,Otsu,,,-1.0,INEED2P,0.000,0
frame_000255_d0_recorte_justo.jpg,justo,Otsu,INEED2P,INEED2P,-0.8,INEED2P,1.000,1
frame_000255_d1_recorte_justo.jpg,justo,Otsu,,,-1.0,INEED2P,0.000,0
frame_000256_d0_recorte_justo.jpg,justo,Otsu,INEED2P,INEED2P,-0.8,INEED2P,1.000,1
frame_000256_d1_recorte_justo.jpg,justo,Otsu,,,-1.0,INEED2P,0.000,0
frame_000257_d0_recorte_justo.jpg,justo,Otsu,INEED2P,INEED2P,-0.8,INEED2P,1.000,1
frame_000257_d1_recorte_justo.jpg,justo,Otsu,,,-1.0,INEED2P,0.000,0
frame_000258_d0_recorte_justo.jpg,justo,Otsu,INEED2P,INEED2P,-0.8,INEED2P,1.000,1
frame_000258_d1_recorte_justo.jpg,justo,Otsu,,,-1.0,INEED2P,0.000,0
frame_000259_d0_recorte_justo.jpg,justo,Otsu,,,-1.0,88B88BB,0.000,0
frame_000260_d0_recorte_justo.jpg,justo,Otsu,C,C,-0.8,88B88BB,0.000,0
frame_000261_d0_recorte_justo.jpg,justo,Otsu,C,C,-0.8,88B88BB,0.000,0
frame_000262_d0_recorte_justo.jpg,justo,Otsu,C,C,-0.8,88B88BB,0.000,0
frame_000263_d0_recorte_justo.jpg,justo,Otsu,C,C,-0.8,88B88BB,0.000,0
frame_000264_d0_recorte_justo.jpg,justo,Otsu,C,C,-0.8,88B88BB,0.000,0
frame_000265_d0_recorte_justo.jpg,justo,Otsu,C,C,-0.8,88B88BB,0.000,0
frame_000266_d0_recorte_justo.jpg,justo,Otsu,C,C,-0.8,88B88BB,0.000,0
frame_000267_d0_recorte_justo.jpg,justo,Otsu,RRORED,RRORED,-0.8,88B88BB,0.000,0
frame_000268_d0_recorte_justo.jpg,justo,Otsu,RRORED,RRORED,-0.8,88B88BB,0.000,0
frame_000269_d0_recorte_justo.jpg,justo,Otsu,RRORED,RRORED,-0.8,88B88BB,0.000,0
frame_000270_d0_recorte_justo.jpg,justo,Otsu,RRORED,RRORED,-0.8,88B88BB,0.000,0
frame_000271_d0_recorte_justo.jpg,justo,Otsu,RRORED,RRORED,-0.8,88B88BB,0.000,0
frame_000272_d0_recorte_justo.jpg,justo,Otsu,RRORED,RRORED,-0.8,88B88BB,0.000,0
frame_000273_d0_recorte_justo.jpg,justo,Otsu,RRORED,RRORED,-0.8,88B88BB,0.000,0
frame_000274_d0_recorte_justo.jpg,justo,Otsu,RRORED,RRORED,-0.8,88B88BB,0.000,0
frame_000275_d0_recorte_justo.jpg,justo,Otsu,RRORED,RRORED,-0.8,88B88BB,0.000,0
frame_000276_d0_recorte_justo.jpg,justo,Otsu,RRORED,RRORED,-0.8,88B88BB,0.000,0
frame_000277_d0_recorte_justo.jpg,justo,Otsu,RRORED,RRORED,-0.8,88B88BB,0.000,0
frame_000278_d0_recorte_justo.jpg,justo,Otsu,RRORED,RRORED,-0.8,88B88BB,0.000,0
frame_000279_d0_recorte_justo.jpg,justo,Otsu,RRORED,RRORED,-0.8,88B88BB,0.000,0
frame_000280_d0_recorte_justo.jpg,justo,Otsu,RRORED,RRORED,-0.8,88B88BB,0.000,0
frame_000281_d0_recorte_justo.jpg,justo,Otsu,RRORED,RRORED,-0.8,88B88BB,0.000,0
frame_000282_d0_recorte_justo.jpg,justo,Otsu,RRORED,RRORED,-0.8,88B88BB,0.000,0
frame_000283_d0_recorte_justo.jpg,justo,Otsu,RRORED,RRORED,-0.8,88B88BB,0.000,0
frame_000284_d0_recorte_justo.jpg,justo,Otsu,RRORED,RRORED,-0.8,88B88BB,0.000,0
frame_000285_d0_recorte_justo.jpg,justo,Otsu,RRORED,RRORED,-0.8,88B88BB,0.000,0
frame_000286_d0_recorte_justo.jpg,justo,Otsu,RRORED,RRORED,-0.8,88B88BB,0.000,0
frame_000287_d0_recorte_justo.jpg,justo,Otsu,RRORED,RRORED,-0.8,88B88BB,0.000,0
frame_000288_d0_recorte_justo.jpg,justo,Otsu,RRORED,RRORED,-0.8,88B88BB,0.000,0
frame_000289_d0_recorte_justo.jpg,justo,Otsu,RRORED,RRORED,-0.8,88B88BB,0.000,0
frame_000290_d0_recorte_justo.jpg,justo,Otsu,RRORED,RRORED,-0.8,88B88BB,0.000,0
frame_000291_d0_recorte_justo.jpg,justo,Otsu,RRORED,RRORED,-0.8,88B88BB,0.000,0
frame_000292_d0_recorte_justo.jpg,justo,Otsu,RRORED,RRORED,-0.8,88B88BB,0.000,0
frame_000293_d0_recorte_justo.jpg,justo,Otsu,RRORED,RRORED,-0.8,88B88BB,0.000,0
frame_000294_d0_recorte_justo.jpg,justo,Otsu,RRORED,RRORED,-0.8,88B88BB,0.000,0
frame_000295_d0_recorte_justo.jpg,justo,Otsu,RORRED,RORRED,-0.8,88B88BB,0.000,0
frame_000296_d0_recorte_justo.jpg,justo,Otsu,RRORED,RRORED,-0.8,88B88BB,0.000,0
frame_000297_d0_recorte_justo.jpg,justo,Otsu,RRORED,RRORED,-0.8,88B88BB,0.000,0
frame_000298_d0_recorte_justo.jpg,justo,Otsu,RRORED,RRORED,-0.8,88B88BB,0.000,0
frame_000299_d0_recorte_justo.jpg,justo,Otsu,RRORED,RRORED,-0.8,88B88BB,0.000,0
frame_000300_d0_recorte_justo.jpg,justo,Otsu,RRORED,RRORED,-0.8,88B88BB,0.000,0
frame_000301_d0_recorte_justo.jpg,justo,Otsu,RRORED,RRORED,-0.8,88B88BB,0.000,0
frame_000302_d0_recorte_justo.jpg,justo,Otsu,RRORED,RRORED,-0.8,88B88BB,0.000,0
frame_000303_d0_recorte_justo.jpg,justo,Otsu,RRORED,RRORED,-0.8,88B88BB,0.000,0
frame_000304_d0_recorte_justo.jpg,justo,Otsu,RRORED,RRORED,-0.8,88B88BB,0.000,0
frame_000305_d0_recorte_justo.jpg,justo,Otsu,RRORED,RRORED,-0.8,88B88BB,0.000,0
frame_000306_d0_recorte_justo.jpg,justo,Otsu,RRORED,RRORED,-0.8,88B88BB,0.000,0
frame_000307_d0_recorte_justo.jpg,justo,Otsu,RRORED,RRORED,-0.8,88B88BB,0.000,0
frame_000000_d0_recorte_justo.jpg,justo,Adapt,HONDUH,HONDUH,-0.8,HONDUH,1.000,1
frame_000001_d0_recorte_justo.jpg,justo,Adapt,HONDUH,HONDUH,-0.8,HONDUH,1.000,1
frame_000002_d0_recorte_justo.jpg,justo,Adapt,HONDUH,HONDUH,-0.8,HONDUH,1.000,1
frame_000003_d0_recorte_justo.jpg,justo,Adapt,HONDUH,HONDUH,-0.8,HONDUH,1.000,1
frame_000004_d0_recorte_justo.jpg,justo,Adapt,HONDUH,HONDUH,-0.8,HONDUH,1.000,1
frame_000005_d0_recorte_justo.jpg,justo,Adapt,HONDUH,HONDUH,-0.8,HONDUH,1.000,1
frame_000006_d0_recorte_justo.jpg,justo,Adapt,HONDUH,HONDUH,-0.8,HONDUH,1.000,1
frame_000007_d0_recorte_justo.jpg,justo,Adapt,HONDUH,HONDUH,-0.8,HONDUH,1.000,1
frame_000008_d0_recorte_justo.jpg,justo,Adapt,HONDUH,HONDUH,-0.8,HONDUH,1.000,1
frame_000009_d0_recorte_justo.jpg,justo,Adapt,HONDUH,HONDUH,-0.8,HONDUH,1.000,1
frame_000010_d0_recorte_justo.jpg,justo,Adapt,HONDUH,HONDUH,-0.8,HONDUH,1.000,1
frame_000011_d0_recorte_justo.jpg,justo,Adapt,HONDUH,HONDUH,-0.8,HONDUH,1.000,1
frame_000012_d0_recorte_justo.jpg,justo,Adapt,HONDUH,HONDUH,-0.8,HONDUH,1.000,1
frame_000013_d0_recorte_justo.jpg,justo,Adapt,HONDUH,HONDUH,-0.8,HONDUH,1.000,1
frame_000014_d0_recorte_justo.jpg,justo,Adapt,HONDUH,HONDUH,-0.8,HONDUH,1.000,1
frame_000015_d0_recorte_justo.jpg,justo,Adapt,HONDUH,HONDUH,-0.8,HONDUH,1.000,1
frame_000016_d0_recorte_justo.jpg,justo,Adapt,HONDUH,HONDUH,-0.8,HONDUH,1.000,1
frame_000017_d0_recorte_justo.jpg,justo,Adapt,HONDUH,HONDUH,-0.8,HONDUH,1.000,1
frame_000018_d0_recorte_justo.jpg,justo,Adapt,HONDUH,HONDUH,-0.8,HONDUH,1.000,1
frame_000019_d0_recorte_justo.jpg,justo,Adapt,HONDUH,HONDUH,-0.8,HONDUH,1.000,1
frame_000021_d0_recorte_justo.jpg,justo,Adapt,TTHELESS,TTHELESS,8.8,TIMELESS,0.750,0
frame_000022_d0_recorte_justo.jpg,justo,Adapt,TIMELESS,TIMELESS,3.0,TIMELESS,1.000,1
frame_000023_d0_recorte_justo.jpg,justo,Adapt,TIMELESS,TIMELESS,3.0,TIMELESS,1.000,1
frame_000024_d0_recorte_justo.jpg,justo,Adapt,TIMELESS,TIMELESS,3.0,TIMELESS,1.000,1
frame_000025_d0_recorte_justo.jpg,justo,Adapt,TIMELESS,TIMELESS,3.0,TIMELESS,1.000,1
frame_000026_d0_recorte_justo.jpg,justo,Adapt,TIMELESS,TIMELESS,3.0,TIMELESS,1.000,1
frame_000027_d0_recorte_justo.jpg,justo,Adapt,TIMELESS,TIMELESS,3.0,TIMELESS,1.000,1
frame_000028_d0_recorte_justo.jpg,justo,Adapt,TIMELESS,TIMELESS,3.0,TIMELESS,1.000,1
frame_000029_d0_recorte_justo.jpg,justo,Adapt,TIMELESS,TIMELESS,3.0,TIMELESS,1.000,1
frame_000030_d0_recorte_justo.jpg,justo,Adapt,TIMELESS,TIMELESS,3.0,TIMELESS,1.000,1
frame_000031_d0_recorte_justo.jpg,justo,Adapt,TIMELESS,TIMELESS,3.0,TIMELESS,1.000,1
frame_000032_d0_recorte_justo.jpg,justo,Adapt,TIMELESS,TIMELESS,3.0,TIMELESS,1.000,1
frame_000033_d0_recorte_justo.jpg,justo,Adapt,TIMELESS,TIMELESS,3.0,TIMELESS,1.000,1
frame_000034_d0_recorte_justo.jpg,justo,Adapt,TIMELESS,TIMELESS,3.0,TIMELESS,1.000,1
frame_000035_d0_recorte_justo.jpg,justo,Adapt,TIMELESS,TIMELESS,3.0,TIMELESS,1.000,1
frame_000036_d0_recorte_justo.jpg,justo,Adapt,TIMELESS,TIMELESS,3.0,TIMELESS,1.000,1
frame_000037_d0_recorte_justo.jpg,justo,Adapt,TIMELESS,TIMELESS,3.0,TIMELESS,1.000,1
frame_000038_d0_recorte_justo.jpg,justo,Adapt,TIMELESS,TIMELESS,3.0,TIMELESS,1.000,1
frame_000039_d0_recorte_justo.jpg,justo,Adapt,TIMELESS,TIMELESS,3.0,TIMELESS,1.000,1
frame_000040_d0_recorte_justo.jpg,justo,Adapt,TIMELESS,TIMELESS,3.0,TIMELESS,1.000,1
frame_000041_d0_recorte_justo.jpg,justo,Adapt,TIMELESS,TIMELESS,3.0,TIMELESS,1.000,1
frame_000042_d0_recorte_justo.jpg,justo,Adapt,TIMELESS,TIMELESS,3.0,TIMELESS,1.000,1
frame_000043_d0_recorte_justo.jpg,justo,Adapt,EEWABUG,EEWABUG,-0.8,EEWABUG,1.000,1
frame_000044_d0_recorte_justo.jpg,justo,Adapt,EEWABUG,EEWABUG,-0.8,EEWABUG,1.000,1
frame_000045_d0_recorte_justo.jpg,justo,Adapt,EEWABUG,EEWABUG,-0.8,EEWABUG,1.000,1
frame_000046_d0_recorte_justo.jpg,justo,Adapt,EEWABUG,EEWABUG,-0.8,EEWABUG,1.000,1
frame_000047_d0_recorte_justo.jpg,justo,Adapt,EEWABUG,EEWABUG,-0.8,EEWABUG,1.000,1
frame_000048_d0_recorte_justo.jpg,justo,Adapt,EEWABUG,EEWABUG,-0.8,EEWABUG,1.000,1
frame_000049_d0_recorte_justo.jpg,justo,Adapt,EEWABUG,EEWABUG,-0.8,EEWABUG,1.000,1
frame_000050_d0_recorte_justo.jpg,justo,Adapt,EEWABUG,EEWABUG,-0.8,EEWABUG,1.000,1
frame_000051_d0_recorte_justo.jpg,justo,Adapt,EEWABUG,EEWABUG,-0.8,EEWABUG,1.000,1
frame_000052_d0_recorte_justo.jpg,justo,Adapt,EEWABUG,EEWABUG,-0.8,EEWABUG,1.000,1
frame_000053_d0_recorte_justo.jpg,justo,Adapt,EEWABUG,EEWABUG,-0.8,EEWABUG,1.000,1
frame_000054_d0_recorte_justo.jpg,justo,Adapt,EEWABUG,EEWABUG,-0.8,EEWABUG,1.000,1
frame_000055_d0_recorte_justo.jpg,justo,Adapt,EEWABUG,EEWABUG,-0.8,EEWABUG,1.000,1
frame_000056_d0_recorte_justo.jpg,justo,Adapt,EEWABUG,EEWABUG,-0.8,EEWABUG,1.000,1
frame_000057_d0_recorte_justo.jpg,justo,Adapt,EEWABUG,EEWABUG,-0.8,EEWABUG,1.000,1
frame_000058_d0_recorte_justo.jpg,justo,Adapt,EEWABUG,EEWABUG,-0.8,EEWABUG,1.000,1
frame_000059_d0_recorte_justo.jpg,justo,Adapt,EEWABUG,EEWABUG,-0.8,EEWABUG,1.000,1
frame_000060_d0_recorte_justo.jpg,justo,Adapt,EEWABUG,EEWABUG,-0.8,EEWABUG,1.000,1
frame_000061_d0_recorte_justo.jpg,justo,Adapt,PIKACHU,PIKACHU,-0.8,PIKACHU,1.000,1
frame_000062_d0_recorte_justo.jpg,justo,Adapt,PIKACHU,PIKACHU,-0.8,PIKACHU,1.000,1
frame_000063_d0_recorte_justo.jpg,justo,Adapt,PIKACHU,PIKACHU,-0.8,PIKACHU,1.000,1
frame_000064_d0_recorte_justo.jpg,justo,Adapt,PIKACHU,PIKACHU,-0.8,PIKACHU,1.000,1
frame_000065_d0_recorte_justo.jpg,justo,Adapt,PIKACHU,PIKACHU,-0.8,PIKACHU,1.000,1
frame_000066_d0_recorte_justo.jpg,justo,Adapt,PIKACHU,PIKACHU,-0.8,PIKACHU,1.000,1
frame_000067_d0_recorte_justo.jpg,justo,Adapt,PIKACHU,PIKACHU,-0.8,PIKACHU,1.000,1
frame_000068_d0_recorte_justo.jpg,justo,Adapt,PIKACHU,PIKACHU,-0.8,PIKACHU,1.000,1
frame_000069_d0_recorte_justo.jpg,justo,Adapt,PIKACHU,PIKACHU,-0.8,PIKACHU,1.000,1
frame_000070_d0_recorte_justo.jpg,justo,Adapt,PIKACHU,PIKACHU,-0.8,PIKACHU,1.000,1
frame_000071_d0_recorte_justo.jpg,justo,Adapt,PIKACHU,PIKACHU,-0.8,PIKACHU,1.000,1
frame_000072_d0_recorte_justo.jpg,justo,Adapt,PIKACHU,PIKACHU,-0.8,PIKACHU,1.000,1
frame_000073_d0_recorte_justo.jpg,justo,Adapt,PIKACHU,PIKACHU,-0.8,PIKACHU,1.000,1
frame_000074_d0_recorte_justo.jpg,justo,Adapt,PIKACHU,PIKACHU,-0.8,PIKACHU,1.000,1
frame_000075_d0_recorte_justo.jpg,justo,Adapt,PIKACHU,PIKACHU,-0.8,PIKACHU,1.000,1
frame_000076_d0_recorte_justo.jpg,justo,Adapt,PIKACHU,PIKACHU,-0.8,PIKACHU,1.000,1
frame_000077_d0_recorte_justo.jpg,justo,Adapt,PIKACHU,PIKACHU,-0.8,PIKACHU,1.000,1
frame_000078_d0_recorte_justo.jpg,justo,Adapt,PIKACHU,PIKACHU,-0.8,PIKACHU,1.000,1
frame_000079_d0_recorte_justo.jpg,justo,Adapt,PIKACHU,PIKACHU,-0.8,PIKACHU,1.000,1
frame_000080_d0_recorte_justo.jpg,justo,Adapt,,,-1.0,OHIFIT,0.000,0
frame_000081_d0_recorte_justo.jpg,justo,Adapt,,,-1.0,OHIFIT,0.000,0
frame_000082_d0_recorte_justo.jpg,justo,Adapt,,,-1.0,OHIFIT,0.000,0
frame_000083_d0_recorte_justo.jpg,justo,Adapt,,,-1.0,OHIFIT,0.000,0
frame_000084_d0_recorte_justo.jpg,justo,Adapt,,,-1.0,OHIFIT,0.000,0
frame_000085_d0_recorte_justo.jpg,justo,Adapt,,,-1.0,OHIFIT,0.000,0
frame_000086_d0_recorte_justo.jpg,justo,Adapt,,,-1.0,OHIFIT,0.000,0
frame_000087_d0_recorte_justo.jpg,justo,Adapt,,,-1.0,OHIFIT,0.000,0
frame_000088_d0_recorte_justo.jpg,justo,Adapt,,,-1.0,OHIFIT,0.000,0
frame_000089_d0_recorte_justo.jpg,justo,Adapt,,,-1.0,OHIFIT,0.000,0
frame_000090_d0_recorte_justo.jpg,justo,Adapt,,,-1.0,OHIFIT,0.000,0
frame_000091_d0_recorte_justo.jpg,justo,Adapt,,,-1.0,OHIFIT,0.000,0
frame_000092_d0_recorte_justo.jpg,justo,Adapt,,,-1.0,OHIFIT,0.000,0
frame_000093_d0_recorte_justo.jpg,justo,Adapt,,,-1.0,OHIFIT,0.000,0
frame_000094_d0_recorte_justo.jpg,justo,Adapt,,,-1.0,OHIFIT,0.000,0
frame_000095_d0_recorte_justo.jpg,justo,Adapt,,,-1.0,OHIFIT,0.000,0
frame_000096_d0_recorte_justo.jpg,justo,Adapt,,,-1.0,OHIFIT,0.000,0
frame_000097_d0_recorte_justo.jpg,justo,Adapt,,,-1.0,OHIFIT,0.000,0
frame_000098_d0_recorte_justo.jpg,justo,Adapt,,,-1.0,OHIFIT,0.000,0
frame_000099_d0_recorte_justo.jpg,justo,Adapt,,,-1.0,OHIFIT,0.000,0
frame_000100_d0_recorte_justo.jpg,justo,Adapt,,,-1.0,OHIFIT,0.000,0
frame_000101_d0_recorte_justo.jpg,justo,Adapt,VAIS,VAIS,-0.8,EWGAS,0.000,0
frame_000102_d0_recorte_justo.jpg,justo,Adapt,BGS,BGS,3.2,EWGAS,0.000,0
frame_000103_d0_recorte_justo.jpg,justo,Adapt,BGS,BGS,3.2,EWGAS,0.000,0
frame_000104_d0_recorte_justo.jpg,justo,Adapt,BGS,BGS,3.2,EWGAS,0.000,0
frame_000105_d0_recorte_justo.jpg,justo,Adapt,BGS,BGS,3.2,EWGAS,0.000,0
frame_000106_d0_recorte_justo.jpg,justo,Adapt,BGS,BGS,3.2,EWGAS,0.000,0
frame_000107_d0_recorte_justo.jpg,justo,Adapt,EIS,EIS,-0.8,EWGAS,0.200,0
frame_000108_d0_recorte_justo.jpg,justo,Adapt,EIS,EIS,-0.8,EWGAS,0.200,0
frame_000109_d0_recorte_justo.jpg,justo,Adapt,EIS,EIS,-0.8,EWGAS,0.200,0
frame_000110_d0_recorte_justo.jpg,justo,Adapt,EIS,EIS,-0.8,EWGAS,0.200,0
frame_000111_d0_recorte_justo.jpg,justo,Adapt,EIS,EIS,-0.8,EWGAS,0.200,0
frame_000112_d0_recorte_justo.jpg,justo,Adapt,EIS,EIS,-0.8,EWGAS,0.200,0
frame_000113_d0_recorte_justo.jpg,justo,Adapt,EIS,EIS,-0.8,EWGAS,0.200,0
frame_000114_d0_recorte_justo.jpg,justo,Adapt,EIS,EIS,-0.8,EWGAS,0.200,0
frame_000115_d0_recorte_justo.jpg,justo,Adapt,EIS,EIS,-0.8,EWGAS,0.200,0
frame_000116_d0_recorte_justo.jpg,justo,Adapt,EIS,EIS,-0.8,EWGAS,0.200,0
frame_000117_d0_recorte_justo.jpg,justo,Adapt,EIS,EIS,-0.8,EWGAS,0.200,0
frame_000118_d0_recorte_justo.jpg,justo,Adapt,OFZELDA,OFZELDA,-0.8,OFZELDA,1.000,1
frame_000119_d0_recorte_justo.jpg,justo,Adapt,OFZELDA,OFZELDA,-0.8,OFZELDA,1.000,1
frame_000120_d0_recorte_justo.jpg,justo,Adapt,OFZELDA,OFZELDA,-0.8,OFZELDA,1.000,1
frame_000121_d0_recorte_justo.jpg,justo,Adapt,OFZELDA,OFZELDA,-0.8,OFZELDA,1.000,1
frame_000122_d0_recorte_justo.jpg,justo,Adapt,OFZELDA,OFZELDA,-0.8,OFZELDA,1.000,1
frame_000123_d0_recorte_justo.jpg,justo,Adapt,OFZELDA,OFZELDA,-0.8,OFZELDA,1.000,1
frame_000124_d0_recorte_justo.jpg,justo,Adapt,OFZELDA,OFZELDA,-0.8,OFZELDA,1.000,1
frame_000125_d0_recorte_justo.jpg,justo,Adapt,OFZELDA,OFZELDA,-0.8,OFZELDA,1.000,1
frame_000126_d0_recorte_justo.jpg,justo,Adapt,OFZELDA,OFZELDA,-0.8,OFZELDA,1.000,1
frame_000127_d0_recorte_justo.jpg,justo,Adapt,OFZELDA,OFZELDA,-0.8,OFZELDA,1.000,1
frame_000128_d0_recorte_justo.jpg,justo,Adapt,OFZELDA,OFZELDA,-0.8,OFZELDA,1.000,1
frame_000129_d0_recorte_justo.jpg,justo,Adapt,OFZELDA,OFZELDA,-0.8,OFZELDA,1.000,1
frame_000130_d0_recorte_justo.jpg,justo,Adapt,OFZELDA,OFZELDA,-0.8,OFZELDA,1.000,1
frame_000131_d0_recorte_justo.jpg,justo,Adapt,OFZELDA,OFZELDA,-0.8,OFZELDA,1.000,1
frame_000132_d0_recorte_justo.jpg,justo,Adapt,OFZELDA,OFZELDA,-0.8,OFZELDA,1.000,1
frame_000133_d0_recorte_justo.jpg,justo,Adapt,OFZELDA,OFZELDA,-0.8,OFZELDA,1.000,1
frame_000134_d0_recorte_justo.jpg,justo,Adapt,OFZELDA,OFZELDA,-0.8,OFZELDA,1.000,1
frame_000135_d0_recorte_justo.jpg,justo,Adapt,OFZELDA,OFZELDA,-0.8,OFZELDA,1.000,1
frame_000136_d0_recorte_justo.jpg,justo,Adapt,OFZELDA,OFZELDA,-0.8,OFZELDA,1.000,1
frame_000137_d0_recorte_justo.jpg,justo,Adapt,OFZELDA,OFZELDA,-0.8,OFZELDA,1.000,1
frame_000138_d0_recorte_justo.jpg,justo,Adapt,OFZELDA,OFZELDA,-0.8,OFZELDA,1.000,1
frame_000139_d0_recorte_justo.jpg,justo,Adapt,OFZELDA,OFZELDA,-0.8,OFZELDA,1.000,1
frame_000140_d0_recorte_justo.jpg,justo,Adapt,OFZELDA,OFZELDA,-0.8,OFZELDA,1.000,1
frame_000141_d0_recorte_justo.jpg,justo,Adapt,OFZELDA,OFZELDA,-0.8,OFZELDA,1.000,1
frame_000142_d0_recorte_justo.jpg,justo,Adapt,OFZELDA,OFZELDA,-0.8,OFZELDA,1.000,1
frame_000143_d0_recorte_justo.jpg,justo,Adapt,OFZELDA,OFZELDA,-0.8,OFZELDA,1.000,1
frame_000144_d0_recorte_justo.jpg,justo,Adapt,OFZELDA,OFZELDA,-0.8,OFZELDA,1.000,1
frame_000145_d0_recorte_justo.jpg,justo,Adapt,OFZELDA,OFZELDA,-0.8,OFZELDA,1.000,1
frame_000146_d0_recorte_justo.jpg,justo,Adapt,JBYE401K,JBYE401K,-0.8,BYE4O1K,0.000,0
frame_000147_d0_recorte_justo.jpg,justo,Adapt,JBYE401K,JBYE401K,-0.8,BYE4O1K,0.000,0
frame_000148_d0_recorte_justo.jpg,justo,Adapt,JBYE401K,JBYE401K,-0.8,BYE4O1K,0.000,0
frame_000149_d0_recorte_justo.jpg,justo,Adapt,JBYE401K,JBYE401K,-0.8,BYE4O1K,0.000,0
frame_000150_d0_recorte_justo.jpg,justo,Adapt,JBYE401K,JBYE401K,-0.8,BYE4O1K,0.000,0
frame_000151_d0_recorte_justo.jpg,justo,Adapt,JBYE401K,JBYE401K,-0.8,BYE4O1K,0.000,0
frame_000152_d0_recorte_justo.jpg,justo,Adapt,JBYE401K,JBYE401K,-0.8,BYE4O1K,0.000,0
frame_000153_d0_recorte_justo.jpg,justo,Adapt,JBYE401K,JBYE401K,-0.8,BYE4O1K,0.000,0
frame_000154_d0_recorte_justo.jpg,justo,Adapt,JBYE401K,JBYE401K,-0.8,BYE4O1K,0.000,0
frame_000155_d0_recorte_justo.jpg,justo,Adapt,JBYE401K,JBYE401K,-0.8,BYE4O1K,0.000,0
frame_000156_d0_recorte_justo.jpg,justo,Adapt,JBYE401K,JBYE401K,-0.8,BYE4O1K,0.000,0
frame_000157_d0_recorte_justo.jpg,justo,Adapt,JBYE401K,JBYE401K,-0.8,BYE4O1K,0.000,0
frame_000158_d0_recorte_justo.jpg,justo,Adapt,JBYE401K,JBYE401K,-0.8,BYE4O1K,0.000,0
frame_000159_d0_recorte_justo.jpg,justo,Adapt,JBYE401K,JBYE401K,-0.8,BYE4O1K,0.000,0
frame_000160_d0_recorte_justo.jpg,justo,Adapt,JBYE401K,JBYE401K,-0.8,BYE4O1K,0.000,0
frame_000161_d0_recorte_justo.jpg,justo,Adapt,RUAHAH,RUAHAH,-0.8,MUAHAHA,0.714,0
frame_000162_d0_recorte_justo.jpg,justo,Adapt,RUAHAH,RUAHAH,-0.8,MUAHAHA,0.714,0
frame_000163_d0_recorte_justo.jpg,justo,Adapt,RUAHAH,RUAHAH,-0.8,MUAHAHA,0.714,0
frame_000164_d0_recorte_justo.jpg,justo,Adapt,RUAHAH,RUAHAH,-0.8,MUAHAHA,0.714,0
frame_000165_d0_recorte_justo.jpg,justo,Adapt,RUAHAH,RUAHAH,-0.8,MUAHAHA,0.714,0
frame_000166_d0_recorte_justo.jpg,justo,Adapt,RUAHAH,RUAHAH,-0.8,MUAHAHA,0.714,0
frame_000167_d0_recorte_justo.jpg,justo,Adapt,RUAHAH,RUAHAH,-0.8,MUAHAHA,0.714,0
frame_000168_d0_recorte_justo.jpg,justo,Adapt,RUAHAH,RUAHAH,-0.8,MUAHAHA,0.714,0
frame_000169_d0_recorte_justo.jpg,justo,Adapt,RUAHAH,RUAHAH,-0.8,MUAHAHA,0.714,0
frame_000170_d0_recorte_justo.jpg,justo,Adapt,RUAHAH,RUAHAH,-0.8,MUAHAHA,0.714,0
frame_000171_d0_recorte_justo.jpg,justo,Adapt,RUAHAH,RUAHAH,-0.8,MUAHAHA,0.714,0
frame_000172_d0_recorte_justo.jpg,justo,Adapt,RUAHAH,RUAHAH,-0.8,MUAHAHA,0.714,0
frame_000173_d0_recorte_justo.jpg,justo,Adapt,RUAHAH,RUAHAH,-0.8,MUAHAHA,0.714,0
frame_000174_d0_recorte_justo.jpg,justo,Adapt,RUAHAH,RUAHAH,-0.8,MUAHAHA,0.714,0
frame_000175_d0_recorte_justo.jpg,justo,Adapt,RUAHAH,RUAHAH,-0.8,MUAHAHA,0.714,0
frame_000176_d0_recorte_justo.jpg,justo,Adapt,RUAHAH,RUAHAH,-0.8,MUAHAHA,0.714,0
frame_000177_d0_recorte_justo.jpg,justo,Adapt,RUAHAH,RUAHAH,-0.8,MUAHAHA,0.714,0
frame_000178_d0_recorte_justo.jpg,justo,Adapt,RUAHAH,RUAHAH,-0.8,MUAHAHA,0.714,0
frame_000179_d0_recorte_justo.jpg,justo,Adapt,RUAHAH,RUAHAH,-0.8,MUAHAHA,0.714,0
frame_000180_d0_recorte_justo.jpg,justo,Adapt,RUAHAH,RUAHAH,-0.8,MUAHAHA,0.714,0
frame_000181_d0_recorte_justo.jpg,justo,Adapt,RUAHAH,RUAHAH,-0.8,MUAHAHA,0.714,0
frame_000182_d0_recorte_justo.jpg,justo,Adapt,RUAHAH,RUAHAH,-0.8,MUAHAHA,0.714,0
frame_000183_d0_recorte_justo.jpg,justo,Adapt,RUAHAH,RUAHAH,-0.8,MUAHAHA,0.714,0
frame_000184_d0_recorte_justo.jpg,justo,Adapt,TN,TN,-0.8,ORINNIE,0.000,0
frame_000185_d0_recorte_justo.jpg,justo,Adapt,TN,TN,-0.8,ORINNIE,0.000,0
frame_000186_d0_recorte_justo.jpg,justo,Adapt,TN,TN,-0.8,ORINNIE,0.000,0
frame_000187_d0_recorte_justo.jpg,justo,Adapt,TN,TN,-0.8,ORINNIE,0.000,0
frame_000188_d0_recorte_justo.jpg,justo,Adapt,TN,TN,-0.8,ORINNIE,0.000,0
frame_000189_d0_recorte_justo.jpg,justo,Adapt,TN,TN,-0.8,ORINNIE,0.000,0
frame_000190_d0_recorte_justo.jpg,justo,Adapt,TN,TN,-0.8,ORINNIE,0.000,0
frame_000191_d0_recorte_justo.jpg,justo,Adapt,TN,TN,-0.8,ORINNIE,0.000,0
frame_000192_d0_recorte_justo.jpg,justo,Adapt,TN,TN,-0.8,ORINNIE,0.000,0
frame_000193_d0_recorte_justo.jpg,justo,Adapt,TN,TN,-0.8,ORINNIE,0.000,0
frame_000194_d0_recorte_justo.jpg,justo,Adapt,TN,TN,-0.8,ORINNIE,0.000,0
frame_000195_d0_recorte_justo.jpg,justo,Adapt,TN,TN,-0.8,ORINNIE,0.000,0
frame_000196_d0_recorte_justo.jpg,justo,Adapt,TN,TN,-0.8,ORINNIE,0.000,0
frame_000197_d0_recorte_justo.jpg,justo,Adapt,TN,TN,-0.8,ORINNIE,0.000,0
frame_000198_d0_recorte_justo.jpg,justo,Adapt,TN,TN,-0.8,ORINNIE,0.000,0
frame_000199_d0_recorte_justo.jpg,justo,Adapt,TN,TN,-0.8,ORINNIE,0.000,0
frame_000200_d0_recorte_justo.jpg,justo,Adapt,TN,TN,-0.8,ORINNIE,0.000,0
frame_000201_d0_recorte_justo.jpg,justo,Adapt,TN,TN,-0.8,ORINNIE,0.000,0
frame_000202_d0_recorte_justo.jpg,justo,Adapt,TN,TN,-0.8,ORINNIE,0.000,0
frame_000203_d0_recorte_justo.jpg,justo,Adapt,NBEYOND,NBEYOND,-0.8,NBEYOND,1.000,1
frame_000204_d0_recorte_justo.jpg,justo,Adapt,NBEYOND,NBEYOND,-0.8,NBEYOND,1.000,1
frame_000205_d0_recorte_justo.jpg,justo,Adapt,NBEYOND,NBEYOND,-0.8,NBEYOND,1.000,1
frame_000206_d0_recorte_justo.jpg,justo,Adapt,NBEYOND,NBEYOND,-0.8,NBEYOND,1.000,1
frame_000207_d0_recorte_justo.jpg,justo,Adapt,NBEYOND,NBEYOND,-0.8,NBEYOND,1.000,1
frame_000208_d0_recorte_justo.jpg,justo,Adapt,NBEYOND,NBEYOND,-0.8,NBEYOND,1.000,1
frame_000209_d0_recorte_justo.jpg,justo,Adapt,NBEYOND,NBEYOND,-0.8,NBEYOND,1.000,1
frame_000210_d0_recorte_justo.jpg,justo,Adapt,NBEYOND,NBEYOND,-0.8,NBEYOND,1.000,1
frame_000211_d0_recorte_justo.jpg,justo,Adapt,NBEYOND,NBEYOND,-0.8,NBEYOND,1.000,1
frame_000212_d0_recorte_justo.jpg,justo,Adapt,NBEYOND,NBEYOND,-0.8,NBEYOND,1.000,1
frame_000213_d0_recorte_justo.jpg,justo,Adapt,NBEYOND,NBEYOND,-0.8,NBEYOND,1.000,1
frame_000214_d0_recorte_justo.jpg,justo,Adapt,NBEYOND,NBEYOND,-0.8,NBEYOND,1.000,1
frame_000215_d0_recorte_justo.jpg,justo,Adapt,NBEYOND,NBEYOND,-0.8,NBEYOND,1.000,1
frame_000216_d0_recorte_justo.jpg,justo,Adapt,NBEYOND,NBEYOND,-0.8,NBEYOND,1.000,1
frame_000217_d0_recorte_justo.jpg,justo,Adapt,NBEYOND,NBEYOND,-0.8,NBEYOND,1.000,1
frame_000218_d0_recorte_justo.jpg,justo,Adapt,NBEYOND,NBEYOND,-0.8,NBEYOND,1.000,1
frame_000219_d0_recorte_justo.jpg,justo,Adapt,NBEYOND,NBEYOND,-0.8,NBEYOND,1.000,1
frame_000220_d0_recorte_justo.jpg,justo,Adapt,NBEYOND,NBEYOND,-0.8,NBEYOND,1.000,1
frame_000221_d0_recorte_justo.jpg,justo,Adapt,NBEYOND,NBEYOND,-0.8,NBEYOND,1.000,1
frame_000222_d0_recorte_justo.jpg,justo,Adapt,NBEYOND,NBEYOND,-0.8,NBEYOND,1.000,1
frame_000223_d0_recorte_justo.jpg,justo,Adapt,NBEYOND,NBEYOND,-0.8,NBEYOND,1.000,1
frame_000224_d0_recorte_justo.jpg,justo,Adapt,NBEYOND,NBEYOND,-0.8,NBEYOND,1.000,1
frame_000225_d0_recorte_justo.jpg,justo,Adapt,TOYYODA,TOYYODA,-0.8,TOYYODA,1.000,1
frame_000226_d0_recorte_justo.jpg,justo,Adapt,TOYYODA,TOYYODA,-0.8,TOYYODA,1.000,1
frame_000227_d0_recorte_justo.jpg,justo,Adapt,TOYYODA,TOYYODA,-0.8,TOYYODA,1.000,1
frame_000228_d0_recorte_justo.jpg,justo,Adapt,TOYYODA,TOYYODA,-0.8,TOYYODA,1.000,1
frame_000229_d0_recorte_justo.jpg,justo,Adapt,TOYYODA,TOYYODA,-0.8,TOYYODA,1.000,1
frame_000230_d0_recorte_justo.jpg,justo,Adapt,TOYYODA,TOYYODA,-0.8,TOYYODA,1.000,1
frame_000231_d0_recorte_justo.jpg,justo,Adapt,TOYYODA,TOYYODA,-0.8,TOYYODA,1.000,1
frame_000232_d0_recorte_justo.jpg,justo,Adapt,TOYYODA,TOYYODA,-0.8,TOYYODA,1.000,1
frame_000233_d0_recorte_justo.jpg,justo,Adapt,TOYYODA,TOYYODA,-0.8,TOYYODA,1.000,1
frame_000234_d0_recorte_justo.jpg,justo,Adapt,TOYYODA,TOYYODA,-0.8,TOYYODA,1.000,1
frame_000235_d0_recorte_justo.jpg,justo,Adapt,TOYYODA,TOYYODA,-0.8,TOYYODA,1.000,1
frame_000236_d0_recorte_justo.jpg,justo,Adapt,TOYYODA,TOYYODA,-0.8,TOYYODA,1.000,1
frame_000237_d0_recorte_justo.jpg,justo,Adapt,TOYYODA,TOYYODA,-0.8,TOYYODA,1.000,1
frame_000238_d0_recorte_justo.jpg,justo,Adapt,TOYYODA,TOYYODA,-0.8,TOYYODA,1.000,1
frame_000239_d0_recorte_justo.jpg,justo,Adapt,TOYYODA,TOYYODA,-0.8,TOYYODA,1.000,1
frame_000240_d0_recorte_justo.jpg,justo,Adapt,TOYYODA,TOYYODA,-0.8,TOYYODA,1.000,1
frame_000241_d0_recorte_justo.jpg,justo,Adapt,TOYYODA,TOYYODA,-0.8,TOYYODA,1.000,1
frame_000242_d0_recorte_justo.jpg,justo,Adapt,TOYYODA,TOYYODA,-0.8,TOYYODA,1.000,1
frame_000243_d0_recorte_justo.jpg,justo,Adapt,TOYYODA,TOYYODA,-0.8,TOYYODA,1.000,1
frame_000244_d0_recorte_justo.jpg,justo,Adapt,TNEED2P,TNEED2P,-0.8,INEED2P,0.857,0
frame_000244_d1_recorte_justo.jpg,justo,Adapt,,,-1.0,INEED2P,0.000,0
frame_000245_d0_recorte_justo.jpg,justo,Adapt,TNEED2P,TNEED2P,-0.8,INEED2P,0.857,0
frame_000245_d1_recorte_justo.jpg,justo,Adapt,,,-1.0,INEED2P,0.000,0
frame_000246_d0_recorte_justo.jpg,justo,Adapt,TNEED2P,TNEED2P,-0.8,INEED2P,0.857,0
frame_000246_d1_recorte_justo.jpg,justo,Adapt,,,-1.0,INEED2P,0.000,0
frame_000247_d0_recorte_justo.jpg,justo,Adapt,TNEED2P,TNEED2P,-0.8,INEED2P,0.857,0
frame_000247_d1_recorte_justo.jpg,justo,Adapt,,,-1.0,INEED2P,0.000,0
frame_000248_d0_recorte_justo.jpg,justo,Adapt,TNEED2P,TNEED2P,-0.8,INEED2P,0.857,0
frame_000248_d1_recorte_justo.jpg,justo,Adapt,,,-1.0,INEED2P,0.000,0
frame_000249_d0_recorte_justo.jpg,justo,Adapt,TNEED2P,TNEED2P,-0.8,INEED2P,0.857,0
frame_000249_d1_recorte_justo.jpg,justo,Adapt,,,-1.0,INEED2P,0.000,0
frame_000250_d0_recorte_justo.jpg,justo,Adapt,TNEED2P,TNEED2P,-0.8,INEED2P,0.857,0
frame_000250_d1_recorte_justo.jpg,justo,Adapt,,,-1.0,INEED2P,0.000,0
frame_000251_d0_recorte_justo.jpg,justo,Adapt,TNEED2P,TNEED2P,-0.8,INEED2P,0.857,0
frame_000251_d1_recorte_justo.jpg,justo,Adapt,,,-1.0,INEED2P,0.000,0
frame_000252_d0_recorte_justo.jpg,justo,Adapt,TNEED2P,TNEED2P,-0.8,INEED2P,0.857,0
frame_000252_d1_recorte_justo.jpg,justo,Adapt,,,-1.0,INEED2P,0.000,0
frame_000253_d0_recorte_justo.jpg,justo,Adapt,TNEED2P,TNEED2P,-0.8,INEED2P,0.857,0
frame_000253_d1_recorte_justo.jpg,justo,Adapt,,,-1.0,INEED2P,0.000,0
frame_000254_d0_recorte_justo.jpg,justo,Adapt,TNEED2P,TNEED2P,-0.8,INEED2P,0.857,0
frame_000254_d1_recorte_justo.jpg,justo,Adapt,,,-1.0,INEED2P,0.000,0
frame_000255_d0_recorte_justo.jpg,justo,Adapt,TNEED2P,TNEED2P,-0.8,INEED2P,0.857,0
frame_000255_d1_recorte_justo.jpg,justo,Adapt,,,-1.0,INEED2P,0.000,0
frame_000256_d0_recorte_justo.jpg,justo,Adapt,TNEED2P,TNEED2P,-0.8,INEED2P,0.857,0
frame_000256_d1_recorte_justo.jpg,justo,Adapt,,,-1.0,INEED2P,0.000,0
frame_000257_d0_recorte_justo.jpg,justo,Adapt,TNEED2P,TNEED2P,-0.8,INEED2P,0.857,0
frame_000257_d1_recorte_justo.jpg,justo,Adapt,,,-1.0,INEED2P,0.000,0
frame_000258_d0_recorte_justo.jpg,justo,Adapt,TNEED2P,TNEED2P,-0.8,INEED2P,0.857,0
frame_000258_d1_recorte_justo.jpg,justo,Adapt,,,-1.0,INEED2P,0.000,0
frame_000259_d0_recorte_justo.jpg,justo,Adapt,,,-1.0,88B88BB,0.000,0
frame_000260_d0_recorte_justo.jpg,justo,Adapt,BEBBI,BEBBI,-0.8,88B88BB,0.143,0
frame_000261_d0_recorte_justo.jpg,justo,Adapt,BEBBI,BEBBI,-0.8,88B88BB,0.143,0
frame_000262_d0_recorte_justo.jpg,justo,Adapt,BEBBI,BEBBI,-0.8,88B88BB,0.143,0
frame_000263_d0_recorte_justo.jpg,justo,Adapt,BEBBI,BEBBI,-0.8,88B88BB,0.143,0
frame_000264_d0_recorte_justo.jpg,justo,Adapt,BEBBI,BEBBI,-0.8,88B88BB,0.143,0
frame_000265_d0_recorte_justo.jpg,justo,Adapt,BEBBI,BEBBI,-0.8,88B88BB,0.143,0
frame_000266_d0_recorte_justo.jpg,justo,Adapt,BEBBI,BEBBI,-0.8,88B88BB,0.143,0
frame_000267_d0_recorte_justo.jpg,justo,Adapt,ABBBB,ABBBB,-0.8,88B88BB,0.143,0
frame_000268_d0_recorte_justo.jpg,justo,Adapt,ABBBB,ABBBB,-0.8,88B88BB,0.143,0
frame_000269_d0_recorte_justo.jpg,justo,Adapt,ABBBB,ABBBB,-0.8,88B88BB,0.143,0
frame_000270_d0_recorte_justo.jpg,justo,Adapt,ABBBB,ABBBB,-0.8,88B88BB,0.143,0
frame_000271_d0_recorte_justo.jpg,justo,Adapt,ABBBB,ABBBB,-0.8,88B88BB,0.143,0
frame_000272_d0_recorte_justo.jpg,justo,Adapt,ABBBB,ABBBB,-0.8,88B88BB,0.143,0
frame_000273_d0_recorte_justo.jpg,justo,Adapt,ABBBB,ABBBB,-0.8,88B88BB,0.143,0
frame_000274_d0_recorte_justo.jpg,justo,Adapt,ABBBB,ABBBB,-0.8,88B88BB,0.143,0
frame_000275_d0_recorte_justo.jpg,justo,Adapt,ABBBB,ABBBB,-0.8,88B88BB,0.143,0
frame_000276_d0_recorte_justo.jpg,justo,Adapt,ABBBB,ABBBB,-0.8,88B88BB,0.143,0
frame_000277_d0_recorte_justo.jpg,justo,Adapt,ABBBB,ABBBB,-0.8,88B88BB,0.143,0
frame_000278_d0_recorte_justo.jpg,justo,Adapt,ABBBB,ABBBB,-0.8,88B88BB,0.143,0
frame_000279_d0_recorte_justo.jpg,justo,Adapt,ABBBB,ABBBB,-0.8,88B88BB,0.143,0
frame_000280_d0_recorte_justo.jpg,justo,Adapt,ABBBB,ABBBB,-0.8,88B88BB,0.143,0
frame_000281_d0_recorte_justo.jpg,justo,Adapt,ABBBB,ABBBB,-0.8,88B88BB,0.143,0
frame_000282_d0_recorte_justo.jpg,justo,Adapt,ABBBB,ABBBB,-0.8,88B88BB,0.143,0
frame_000283_d0_recorte_justo.jpg,justo,Adapt,ABBBB,ABBBB,-0.8,88B88BB,0.143,0
frame_000284_d0_recorte_justo.jpg,justo,Adapt,ABBBB,ABBBB,-0.8,88B88BB,0.143,0
frame_000285_d0_recorte_justo.jpg,justo,Adapt,ABBBB,ABBBB,-0.8,88B88BB,0.143,0
frame_000286_d0_recorte_justo.jpg,justo,Adapt,ABBBB,ABBBB,-0.8,88B88BB,0.143,0
frame_000287_d0_recorte_justo.jpg,justo,Adapt,ABBBB,ABBBB,-0.8,88B88BB,0.143,0
frame_000288_d0_recorte_justo.jpg,justo,Adapt,ABBBB,ABBBB,-0.8,88B88BB,0.143,0
frame_000289_d0_recorte_justo.jpg,justo,Adapt,ABBBB,ABBBB,-0.8,88B88BB,0.143,0
frame_000290_d0_recorte_justo.jpg,justo,Adapt,ABBBB,ABBBB,-0.8,88B88BB,0.143,0
frame_000291_d0_recorte_justo.jpg,justo,Adapt,ABBBB,ABBBB,-0.8,88B88BB,0.143,0
frame_000292_d0_recorte_justo.jpg,justo,Adapt,ABBBB,ABBBB,-0.8,88B88BB,0.143,0
frame_000293_d0_recorte_justo.jpg,justo,Adapt,ABBBB,ABBBB,-0.8,88B88BB,0.143,0
frame_000294_d0_recorte_justo.jpg,justo,Adapt,ABBBB,ABBBB,-0.8,88B88BB,0.143,0
frame_000295_d0_recorte_justo.jpg,justo,Adapt,ASB6BBB,ASB6BBB,-0.8,88B88BB,0.429,0
frame_000296_d0_recorte_justo.jpg,justo,Adapt,ASBBBB,ASBBBB,-0.8,88B88BB,0.286,0
frame_000297_d0_recorte_justo.jpg,justo,Adapt,ASBBBB,ASBBBB,-0.8,88B88BB,0.286,0
frame_000298_d0_recorte_justo.jpg,justo,Adapt,ASBBBB,ASBBBB,-0.8,88B88BB,0.286,0
frame_000299_d0_recorte_justo.jpg,justo,Adapt,ASBBBB,ASBBBB,-0.8,88B88BB,0.286,0
frame_000300_d0_recorte_justo.jpg,justo,Adapt,ASBBBB,ASBBBB,-0.8,88B88BB,0.286,0
frame_000301_d0_recorte_justo.jpg,justo,Adapt,ASBBBB,ASBBBB,-0.8,88B88BB,0.286,0
frame_000302_d0_recorte_justo.jpg,justo,Adapt,ASBBBB,ASBBBB,-0.8,88B88BB,0.286,0
frame_000303_d0_recorte_justo.jpg,justo,Adapt,ASBBBB,ASBBBB,-0.8,88B88BB,0.286,0
frame_000304_d0_recorte_justo.jpg,justo,Adapt,ASBBBB,ASBBBB,-0.8,88B88BB,0.286,0
frame_000305_d0_recorte_justo.jpg,justo,Adapt,ASBBBB,ASBBBB,-0.8,88B88BB,0.286,0
frame_000306_d0_recorte_justo.jpg,justo,Adapt,ASBBBB,ASBBBB,-0.8,88B88BB,0.286,0
frame_000307_d0_recorte_justo.jpg,justo,Adapt,ASBBBB,ASBBBB,-0.8,88B88BB,0.286,0
frame_000000_d0_recorte_Oito.jpg,oito,Otsu,HONDUH,HONDUH,-0.8,HONDUH,1.000,1
frame_000001_d0_recorte_Oito.jpg,oito,Otsu,FHONDUH,FHONDUH,-0.8,HONDUH,0.000,0
frame_000002_d0_recorte_Oito.jpg,oito,Otsu,FHONDUH,FHONDUH,-0.8,HONDUH,0.000,0
frame_000003_d0_recorte_Oito.jpg,oito,Otsu,FHONDUH,FHONDUH,-0.8,HONDUH,0.000,0
frame_000004_d0_recorte_Oito.jpg,oito,Otsu,FHONDUH,FHONDUH,-0.8,HONDUH,0.000,0
frame_000005_d0_recorte_Oito.jpg,oito,Otsu,FHONDUH,FHONDUH,-0.8,HONDUH,0.000,0
frame_000006_d0_recorte_Oito.jpg,oito,Otsu,FHONDUH,FHONDUH,-0.8,HONDUH,0.000,0
frame_000007_d0_recorte_Oito.jpg,oito,Otsu,FHONDUH,FHONDUH,-0.8,HONDUH,0.000,0
frame_000008_d0_recorte_Oito.jpg,oito,Otsu,FHONDUH,FHONDUH,-0.8,HONDUH,0.000,0
frame_000009_d0_recorte_Oito.jpg,oito,Otsu,FHONDUH,FHONDUH,-0.8,HONDUH,0.000,0
frame_000010_d0_recorte_Oito.jpg,oito,Otsu,FHONDUH,FHONDUH,-0.8,HONDUH,0.000,0
frame_000011_d0_recorte_Oito.jpg,oito,Otsu,FHONDUH,FHONDUH,-0.8,HONDUH,0.000,0
frame_000012_d0_recorte_Oito.jpg,oito,Otsu,FHONDUH,FHONDUH,-0.8,HONDUH,0.000,0
frame_000013_d0_recorte_Oito.jpg,oito,Otsu,FHONDUH,FHONDUH,-0.8,HONDUH,0.000,0
frame_000014_d0_recorte_Oito.jpg,oito,Otsu,FHONDUH,FHONDUH,-0.8,HONDUH,0.000,0
frame_000015_d0_recorte_Oito.jpg,oito,Otsu,FHONDUH,FHONDUH,-0.8,HONDUH,0.000,0
frame_000016_d0_recorte_Oito.jpg,oito,Otsu,FHONDUH,FHONDUH,-0.8,HONDUH,0.000,0
frame_000017_d0_recorte_Oito.jpg,oito,Otsu,FHONDUH,FHONDUH,-0.8,HONDUH,0.000,0
frame_000018_d0_recorte_Oito.jpg,oito,Otsu,FHONDUH,FHONDUH,-0.8,HONDUH,0.000,0
frame_000019_d0_recorte_Oito.jpg,oito,Otsu,FHONDUH,FHONDUH,-0.8,HONDUH,0.000,0
frame_000021_d0_recorte_Oito.jpg,oito,Otsu,ITTELESS,ITTELESS,-0.8,TIMELESS,0.625,0
frame_000022_d0_recorte_Oito.jpg,oito,Otsu,PTTELESS,PTTELESS,-0.8,TIMELESS,0.625,0
frame_000023_d0_recorte_Oito.jpg,oito,Otsu,PTTELESS,PTTELESS,-0.8,TIMELESS,0.625,0
frame_000024_d0_recorte_Oito.jpg,oito,Otsu,PTTELESS,PTTELESS,-0.8,TIMELESS,0.625,0
frame_000025_d0_recorte_Oito.jpg,oito,Otsu,PTTELESS,PTTELESS,-0.8,TIMELESS,0.625,0
frame_000026_d0_recorte_Oito.jpg,oito,Otsu,PTTELESS,PTTELESS,-0.8,TIMELESS,0.625,0
frame_000027_d0_recorte_Oito.jpg,oito,Otsu,PTTELESS,PTTELESS,-0.8,TIMELESS,0.625,0
frame_000028_d0_recorte_Oito.jpg,oito,Otsu,PTTELESS,PTTELESS,-0.8,TIMELESS,0.625,0
frame_000029_d0_recorte_Oito.jpg,oito,Otsu,PTTELESS,PTTELESS,-0.8,TIMELESS,0.625,0
frame_000030_d0_recorte_Oito.jpg,oito,Otsu,PTTELESS,PTTELESS,-0.8,TIMELESS,0.625,0
frame_000031_d0_recorte_Oito.jpg,oito,Otsu,PTTELESS,PTTELESS,-0.8,TIMELESS,0.625,0
frame_000032_d0_recorte_Oito.jpg,oito,Otsu,PTTELESS,PTTELESS,-0.8,TIMELESS,0.625,0
frame_000033_d0_recorte_Oito.jpg,oito,Otsu,PTTELESS,PTTELESS,-0.8,TIMELESS,0.625,0
frame_000034_d0_recorte_Oito.jpg,oito,Otsu,PTTELESS,PTTELESS,-0.8,TIMELESS,0.625,0
frame_000035_d0_recorte_Oito.jpg,oito,Otsu,PTTELESS,PTTELESS,-0.8,TIMELESS,0.625,0
frame_000036_d0_recorte_Oito.jpg,oito,Otsu,PTTELESS,PTTELESS,-0.8,TIMELESS,0.625,0
frame_000037_d0_recorte_Oito.jpg,oito,Otsu,PTTELESS,PTTELESS,-0.8,TIMELESS,0.625,0
frame_000038_d0_recorte_Oito.jpg,oito,Otsu,PTTELESS,PTTELESS,-0.8,TIMELESS,0.625,0
frame_000039_d0_recorte_Oito.jpg,oito,Otsu,PTTELESS,PTTELESS,-0.8,TIMELESS,0.625,0
frame_000040_d0_recorte_Oito.jpg,oito,Otsu,PTTELESS,PTTELESS,-0.8,TIMELESS,0.625,0
frame_000041_d0_recorte_Oito.jpg,oito,Otsu,PTTELESS,PTTELESS,-0.8,TIMELESS,0.625,0
frame_000042_d0_recorte_Oito.jpg,oito,Otsu,PTTELESS,PTTELESS,-0.8,TIMELESS,0.625,0
frame_000043_d0_recorte_Oito.jpg,oito,Otsu,HEEWABUGH,HEEWABUGH,-0.8,EEWABUG,0.143,0
frame_000044_d0_recorte_Oito.jpg,oito,Otsu,HEEWABUGH,HEEWABUGH,-0.8,EEWABUG,0.143,0
frame_000045_d0_recorte_Oito.jpg,oito,Otsu,HEEWABUGH,HEEWABUGH,-0.8,EEWABUG,0.143,0
frame_000046_d0_recorte_Oito.jpg,oito,Otsu,HEEWABUGH,HEEWABUGH,-0.8,EEWABUG,0.143,0
frame_000047_d0_recorte_Oito.jpg,oito,Otsu,HEEWABUGH,HEEWABUGH,-0.8,EEWABUG,0.143,0
frame_000048_d0_recorte_Oito.jpg,oito,Otsu,HEEWABUGH,HEEWABUGH,-0.8,EEWABUG,0.143,0
frame_000049_d0_recorte_Oito.jpg,oito,Otsu,HEEWABUGH,HEEWABUGH,-0.8,EEWABUG,0.143,0
frame_000050_d0_recorte_Oito.jpg,oito,Otsu,HEEWABUGH,HEEWABUGH,-0.8,EEWABUG,0.143,0
frame_000051_d0_recorte_Oito.jpg,oito,Otsu,HEEWABUGH,HEEWABUGH,-0.8,EEWABUG,0.143,0
frame_000052_d0_recorte_Oito.jpg,oito,Otsu,HEEWABUGH,HEEWABUGH,-0.8,EEWABUG,0.143,0
frame_000053_d0_recorte_Oito.jpg,oito,Otsu,HEEWABUGH,HEEWABUGH,-0.8,EEWABUG,0.143,0
frame_000054_d0_recorte_Oito.jpg,oito,Otsu,HEEWABUGE,HEEWABUGE,-0.8,EEWABUG,0.143,0
frame_000055_d0_recorte_Oito.jpg,oito,Otsu,HEEWABUGE,HEEWABUGE,-0.8,EEWABUG,0.143,0
frame_000056_d0_recorte_Oito.jpg,oito,Otsu,HEEWABUGE,HEEWABUGE,-0.8,EEWABUG,0.143,0
frame_000057_d0_recorte_Oito.jpg,oito,Otsu,HEEWABUGE,HEEWABUGE,-0.8,EEWABUG,0.143,0
frame_000058_d0_recorte_Oito.jpg,oito,Otsu,HEEWABUGE,HEEWABUGE,-0.8,EEWABUG,0.143,0
frame_000059_d0_recorte_Oito.jpg,oito,Otsu,HEEWABUGE,HEEWABUGE,-0.8,EEWABUG,0.143,0
frame_000060_d0_recorte_Oito.jpg,oito,Otsu,HEEWABUGE,HEEWABUGE,-0.8,EEWABUG,0.143,0
frame_000061_d0_recorte_Oito.jpg,oito,Otsu,PIKACHU,PIKACHU,-0.8,PIKACHU,1.000,1
frame_000062_d0_recorte_Oito.jpg,oito,Otsu,PIKACHU,PIKACHU,-0.8,PIKACHU,1.000,1
frame_000063_d0_recorte_Oito.jpg,oito,Otsu,PIKACHU,PIKACHU,-0.8,PIKACHU,1.000,1
frame_000064_d0_recorte_Oito.jpg,oito,Otsu,PIKACHU,PIKACHU,-0.8,PIKACHU,1.000,1
frame_000065_d0_recorte_Oito.jpg,oito,Otsu,PIKACHU,PIKACHU,-0.8,PIKACHU,1.000,1
frame_000066_d0_recorte_Oito.jpg,oito,Otsu,PIKACHU,PIKACHU,-0.8,PIKACHU,1.000,1
frame_000067_d0_recorte_Oito.jpg,oito,Otsu,PIKACHU,PIKACHU,-0.8,PIKACHU,1.000,1
frame_000068_d0_recorte_Oito.jpg,oito,Otsu,PIKACHU,PIKACHU,-0.8,PIKACHU,1.000,1
frame_000069_d0_recorte_Oito.jpg,oito,Otsu,PIKACHU,PIKACHU,-0.8,PIKACHU,1.000,1
frame_000070_d0_recorte_Oito.jpg,oito,Otsu,PIKACHU,PIKACHU,-0.8,PIKACHU,1.000,1
frame_000071_d0_recorte_Oito.jpg,oito,Otsu,PIKACHU,PIKACHU,-0.8,PIKACHU,1.000,1
frame_000072_d0_recorte_Oito.jpg,oito,Otsu,PIKACHU,PIKACHU,-0.8,PIKACHU,1.000,1
frame_000073_d0_recorte_Oito.jpg,oito,Otsu,PIKACHU,PIKACHU,-0.8,PIKACHU,1.000,1
frame_000074_d0_recorte_Oito.jpg,oito,Otsu,PIKACHU,PIKACHU,-0.8,PIKACHU,1.000,1
frame_000075_d0_recorte_Oito.jpg,oito,Otsu,PIKACHU,PIKACHU,-0.8,PIKACHU,1.000,1
frame_000076_d0_recorte_Oito.jpg,oito,Otsu,PIKACHU,PIKACHU,-0.8,PIKACHU,1.000,1
frame_000077_d0_recorte_Oito.jpg,oito,Otsu,PIKACHU,PIKACHU,-0.8,PIKACHU,1.000,1
frame_000078_d0_recorte_Oito.jpg,oito,Otsu,PIKACHU,PIKACHU,-0.8,PIKACHU,1.000,1
frame_000079_d0_recorte_Oito.jpg,oito,Otsu,PIKACHU,PIKACHU,-0.8,PIKACHU,1.000,1
frame_000080_d0_recorte_Oito.jpg,oito,Otsu,,,-1.0,OHIFIT,0.000,0
frame_000081_d0_recorte_Oito.jpg,oito,Otsu,,,-1.0,OHIFIT,0.000,0
frame_000082_d0_recorte_Oito.jpg,oito,Otsu,,,-1.0,OHIFIT,0.000,0
frame_000083_d0_recorte_Oito.jpg,oito,Otsu,,,-1.0,OHIFIT,0.000,0
frame_000084_d0_recorte_Oito.jpg,oito,Otsu,,,-1.0,OHIFIT,0.000,0
frame_000085_d0_recorte_Oito.jpg,oito,Otsu,,,-1.0,OHIFIT,0.000,0
frame_000086_d0_recorte_Oito.jpg,oito,Otsu,,,-1.0,OHIFIT,0.000,0
frame_000087_d0_recorte_Oito.jpg,oito,Otsu,,,-1.0,OHIFIT,0.000,0
frame_000088_d0_recorte_Oito.jpg,oito,Otsu,,,-1.0,OHIFIT,0.000,0
frame_000089_d0_recorte_Oito.jpg,oito,Otsu,,,-1.0,OHIFIT,0.000,0
frame_000090_d0_recorte_Oito.jpg,oito,Otsu,,,-1.0,OHIFIT,0.000,0
frame_000091_d0_recorte_Oito.jpg,oito,Otsu,,,-1.0,OHIFIT,0.000,0
frame_000092_d0_recorte_Oito.jpg,oito,Otsu,,,-1.0,OHIFIT,0.000,0
frame_000093_d0_recorte_Oito.jpg,oito,Otsu,,,-1.0,OHIFIT,0.000,0
frame_000094_d0_recorte_Oito.jpg,oito,Otsu,,,-1.0,OHIFIT,0.000,0
frame_000095_d0_recorte_Oito.jpg,oito,Otsu,,,-1.0,OHIFIT,0.000,0
frame_000096_d0_recorte_Oito.jpg,oito,Otsu,,,-1.0,OHIFIT,0.000,0
frame_000097_d0_recorte_Oito.jpg,oito,Otsu,,,-1.0,OHIFIT,0.000,0
frame_000098_d0_recorte_Oito.jpg,oito,Otsu,,,-1.0,OHIFIT,0.000,0
frame_000099_d0_recorte_Oito.jpg,oito,Otsu,,,-1.0,OHIFIT,0.000,0
frame_000100_d0_recorte_Oito.jpg,oito,Otsu,,,-1.0,OHIFIT,0.000,0
frame_000101_d0_recorte_Oito.jpg,oito,Otsu,WS,WS,-0.8,EWGAS,0.000,0
frame_000102_d0_recorte_Oito.jpg,oito,Otsu,WS,WS,-0.8,EWGAS,0.000,0
frame_000103_d0_recorte_Oito.jpg,oito,Otsu,WS,WS,-0.8,EWGAS,0.000,0
frame_000104_d0_recorte_Oito.jpg,oito,Otsu,WS,WS,-0.8,EWGAS,0.000,0
frame_000105_d0_recorte_Oito.jpg,oito,Otsu,WS,WS,-0.8,EWGAS,0.000,0
frame_000106_d0_recorte_Oito.jpg,oito,Otsu,WS,WS,-0.8,EWGAS,0.000,0
frame_000107_d0_recorte_Oito.jpg,oito,Otsu,WAS,WAS,1.8,EWGAS,0.000,0
frame_000108_d0_recorte_Oito.jpg,oito,Otsu,WAS,WAS,1.8,EWGAS,0.000,0
frame_000109_d0_recorte_Oito.jpg,oito,Otsu,WAS,WAS,1.8,EWGAS,0.000,0
frame_000110_d0_recorte_Oito.jpg,oito,Otsu,WAS,WAS,1.8,EWGAS,0.000,0
frame_000111_d0_recorte_Oito.jpg,oito,Otsu,WAS,WAS,1.8,EWGAS,0.000,0
frame_000112_d0_recorte_Oito.jpg,oito,Otsu,WAS,WAS,1.8,EWGAS,0.000,0
frame_000113_d0_recorte_Oito.jpg,oito,Otsu,WAS,WAS,1.8,EWGAS,0.000,0
frame_000114_d0_recorte_Oito.jpg,oito,Otsu,WAS,WAS,1.8,EWGAS,0.000,0
frame_000115_d0_recorte_Oito.jpg,oito,Otsu,WAS,WAS,1.8,EWGAS,0.000,0
frame_000116_d0_recorte_Oito.jpg,oito,Otsu,WAS,WAS,1.8,EWGAS,0.000,0
frame_000117_d0_recorte_Oito.jpg,oito,Otsu,WAS,WAS,1.8,EWGAS,0.000,0
frame_000118_d0_recorte_Oito.jpg,oito,Otsu,OFZELDA,OFZELDA,-0.8,OFZELDA,1.000,1
frame_000119_d0_recorte_Oito.jpg,oito,Otsu,OFZELDA,OFZELDA,-0.8,OFZELDA,1.000,1
frame_000120_d0_recorte_Oito.jpg,oito,Otsu,OFZELDA,OFZELDA,-0.8,OFZELDA,1.000,1
frame_000121_d0_recorte_Oito.jpg,oito,Otsu,OFZELDA,OFZELDA,-0.8,OFZELDA,1.000,1
frame_000122_d0_recorte_Oito.jpg,oito,Otsu,OFZELDA,OFZELDA,-0.8,OFZELDA,1.000,1
frame_000123_d0_recorte_Oito.jpg,oito,Otsu,OFZELDA,OFZELDA,-0.8,OFZELDA,1.000,1
frame_000124_d0_recorte_Oito.jpg,oito,Otsu,OFZELDA,OFZELDA,-0.8,OFZELDA,1.000,1
frame_000125_d0_recorte_Oito.jpg,oito,Otsu,OFZELDA,OFZELDA,-0.8,OFZELDA,1.000,1
frame_000126_d0_recorte_Oito.jpg,oito,Otsu,OFZELDA,OFZELDA,-0.8,OFZELDA,1.000,1
frame_000127_d0_recorte_Oito.jpg,oito,Otsu,OFZELDA,OFZELDA,-0.8,OFZELDA,1.000,1
frame_000128_d0_recorte_Oito.jpg,oito,Otsu,OFZELDA,OFZELDA,-0.8,OFZELDA,1.000,1
frame_000129_d0_recorte_Oito.jpg,oito,Otsu,OFZELDA,OFZELDA,-0.8,OFZELDA,1.000,1
frame_000130_d0_recorte_Oito.jpg,oito,Otsu,OFZELDA,OFZELDA,-0.8,OFZELDA,1.000,1
frame_000131_d0_recorte_Oito.jpg,oito,Otsu,OFZELDA,OFZELDA,-0.8,OFZELDA,1.000,1
frame_000132_d0_recorte_Oito.jpg,oito,Otsu,OFZELDA,OFZELDA,-0.8,OFZELDA,1.000,1
frame_000133_d0_recorte_Oito.jpg,oito,Otsu,OFZELDA,OFZELDA,-0.8,OFZELDA,1.000,1
frame_000134_d0_recorte_Oito.jpg,oito,Otsu,OFZELDA,OFZELDA,-0.8,OFZELDA,1.000,1
frame_000135_d0_recorte_Oito.jpg,oito,Otsu,OFZELDA,OFZELDA,-0.8,OFZELDA,1.000,1
frame_000136_d0_recorte_Oito.jpg,oito,Otsu,OFZELDA,OFZELDA,-0.8,OFZELDA,1.000,1
frame_000137_d0_recorte_Oito.jpg,oito,Otsu,OFZELDA,OFZELDA,-0.8,OFZELDA,1.000,1
frame_000138_d0_recorte_Oito.jpg,oito,Otsu,OFZELDA,OFZELDA,-0.8,OFZELDA,1.000,1
frame_000139_d0_recorte_Oito.jpg,oito,Otsu,OFZELDA,OFZELDA,-0.8,OFZELDA,1.000,1
frame_000140_d0_recorte_Oito.jpg,oito,Otsu,OFZELDA,OFZELDA,-0.8,OFZELDA,1.000,1
frame_000141_d0_recorte_Oito.jpg,oito,Otsu,OFZELDA,OFZELDA,-0.8,OFZELDA,1.000,1
frame_000142_d0_recorte_Oito.jpg,oito,Otsu,OFZELDA,OFZELDA,-0.8,OFZELDA,1.000,1
frame_000143_d0_recorte_Oito.jpg,oito,Otsu,OFZELDA,OFZELDA,-0.8,OFZELDA,1.000,1
frame_000144_d0_recorte_Oito.jpg,oito,Otsu,OFZELDA,OFZELDA,-0.8,OFZELDA,1.000,1
frame_000145_d0_recorte_Oito.jpg,oito,Otsu,OFZELDA,OFZELDA,-0.8,OFZELDA,1.000,1
frame_000146_d0_recorte_Oito.jpg,oito,Otsu,HBYE4024,HBYE4024,-0.8,BYE4O1K,0.000,0
frame_000147_d0_recorte_Oito.jpg,oito,Otsu,HBYE4024,HBYE4024,-0.8,BYE4O1K,0.000,0
frame_000148_d0_recorte_Oito.jpg,oito,Otsu,HBYE4024,HBYE4024,-0.8,BYE4O1K,0.000,0
frame_000149_d0_recorte_Oito.jpg,oito,Otsu,HBYE4024,HBYE4024,-0.8,BYE4O1K,0.000,0
frame_000150_d0_recorte_Oito.jpg,oito,Otsu,HBYE4024,HBYE4024,-0.8,BYE4O1K,0.000,0
frame_000151_d0_recorte_Oito.jpg,oito,Otsu,HBYE4024,HBYE4024,-0.8,BYE4O1K,0.000,0
frame_000152_d0_recorte_Oito.jpg,oito,Otsu,HBYE4024,HBYE4024,-0.8,BYE4O1K,0.000,0
frame_000153_d0_recorte_Oito.jpg,oito,Otsu,HBYE4024,HBYE4024,-0.8,BYE4O1K,0.000,0
frame_000154_d0_recorte_Oito.jpg,oito,Otsu,HBYE4024,HBYE4024,-0.8,BYE4O1K,0.000,0
frame_000155_d0_recorte_Oito.jpg,oito,Otsu,HBYE4024,HBYE4024,-0.8,BYE4O1K,0.000,0
frame_000156_d0_recorte_Oito.jpg,oito,Otsu,HBYE4024,HBYE4024,-0.8,BYE4O1K,0.000,0
frame_000157_d0_recorte_Oito.jpg,oito,Otsu,HBYE4024,HBYE4024,-0.8,BYE4O1K,0.000,0
frame_000158_d0_recorte_Oito.jpg,oito,Otsu,HBYE4024,HBYE4024,-0.8,BYE4O1K,0.000,0
frame_000159_d0_recorte_Oito.jpg,oito,Otsu,HBYE4024,HBYE4024,-0.8,BYE4O1K,0.000,0
frame_000160_d0_recorte_Oito.jpg,oito,Otsu,HE401K,HE401K,-0.8,BYE4O1K,0.000,0
frame_000161_d0_recorte_Oito.jpg,oito,Otsu,MUAHAHA,MUAHAHA,-0.8,MUAHAHA,1.000,1
frame_000162_d0_recorte_Oito.jpg,oito,Otsu,MUAHAHA,MUAHAHA,-0.8,MUAHAHA,1.000,1
frame_000163_d0_recorte_Oito.jpg,oito,Otsu,MUAHAHA,MUAHAHA,-0.8,MUAHAHA,1.000,1
frame_000164_d0_recorte_Oito.jpg,oito,Otsu,MUAHAHA,MUAHAHA,-0.8,MUAHAHA,1.000,1
frame_000165_d0_recorte_Oito.jpg,oito,Otsu,MUAHAHA,MUAHAHA,-0.8,MUAHAHA,1.000,1
frame_000166_d0_recorte_Oito.jpg,oito,Otsu,MUAHAHA,MUAHAHA,-0.8,MUAHAHA,1.000,1
frame_000167_d0_recorte_Oito.jpg,oito,Otsu,MUAHAHA,MUAHAHA,-0.8,MUAHAHA,1.000,1
frame_000168_d0_recorte_Oito.jpg,oito,Otsu,MUAHAHA,MUAHAHA,-0.8,MUAHAHA,1.000,1
frame_000169_d0_recorte_Oito.jpg,oito,Otsu,MUAHAHA,MUAHAHA,-0.8,MUAHAHA,1.000,1
frame_000170_d0_recorte_Oito.jpg,oito,Otsu,MUAHAHA,MUAHAHA,-0.8,MUAHAHA,1.000,1
frame_000171_d0_recorte_Oito.jpg,oito,Otsu,MUAHAHA,MUAHAHA,-0.8,MUAHAHA,1.000,1
frame_000172_d0_recorte_Oito.jpg,oito,Otsu,MUAHAHA,MUAHAHA,-0.8,MUAHAHA,1.000,1
frame_000173_d0_recorte_Oito.jpg,oito,Otsu,MUAHAHA,MUAHAHA,-0.8,MUAHAHA,1.000,1
frame_000174_d0_recorte_Oito.jpg,oito,Otsu,MUAHAHA,MUAHAHA,-0.8,MUAHAHA,1.000,1
frame_000175_d0_recorte_Oito.jpg,oito,Otsu,MUAHAHA,MUAHAHA,-0.8,MUAHAHA,1.000,1
frame_000176_d0_recorte_Oito.jpg,oito,Otsu,MUAHAHA,MUAHAHA,-0.8,MUAHAHA,1.000,1
frame_000177_d0_recorte_Oito.jpg,oito,Otsu,MUAHAHA,MUAHAHA,-0.8,MUAHAHA,1.000,1
frame_000178_d0_recorte_Oito.jpg,oito,Otsu,MUAHAHA,MUAHAHA,-0.8,MUAHAHA,1.000,1
frame_000179_d0_recorte_Oito.jpg,oito,Otsu,MUAHAHA,MUAHAHA,-0.8,MUAHAHA,1.000,1
frame_000180_d0_recorte_Oito.jpg,oito,Otsu,MUAHAHA,MUAHAHA,-0.8,MUAHAHA,1.000,1
frame_000181_d0_recorte_Oito.jpg,oito,Otsu,MUAHAHA,MUAHAHA,-0.8,MUAHAHA,1.000,1
frame_000182_d0_recorte_Oito.jpg,oito,Otsu,MUAHAHA,MUAHAHA,-0.8,MUAHAHA,1.000,1
frame_000183_d0_recorte_Oito.jpg,oito,Otsu,MUAHAHA,MUAHAHA,-0.8,MUAHAHA,1.000,1
frame_000184_d0_recorte_Oito.jpg,oito,Otsu,TIET,TIET,-0.8,ORINNIE,0.000,0
frame_000185_d0_recorte_Oito.jpg,oito,Otsu,TIET,TIET,-0.8,ORINNIE,0.000,0
frame_000186_d0_recorte_Oito.jpg,oito,Otsu,TIET,TIET,-0.8,ORINNIE,0.000,0
frame_000187_d0_recorte_Oito.jpg,oito,Otsu,TIET,TIET,-0.8,ORINNIE,0.000,0
frame_000188_d0_recorte_Oito.jpg,oito,Otsu,TIET,TIET,-0.8,ORINNIE,0.000,0
frame_000189_d0_recorte_Oito.jpg,oito,Otsu,TIET,TIET,-0.8,ORINNIE,0.000,0
frame_000190_d0_recorte_Oito.jpg,oito,Otsu,TIET,TIET,-0.8,ORINNIE,0.000,0
frame_000191_d0_recorte_Oito.jpg,oito,Otsu,TIET,TIET,-0.8,ORINNIE,0.000,0
frame_000192_d0_recorte_Oito.jpg,oito,Otsu,TIET,TIET,-0.8,ORINNIE,0.000,0
frame_000193_d0_recorte_Oito.jpg,oito,Otsu,TIET,TIET,-0.8,ORINNIE,0.000,0
frame_000194_d0_recorte_Oito.jpg,oito,Otsu,TIET,TIET,-0.8,ORINNIE,0.000,0
frame_000195_d0_recorte_Oito.jpg,oito,Otsu,TIET,TIET,-0.8,ORINNIE,0.000,0
frame_000196_d0_recorte_Oito.jpg,oito,Otsu,TIET,TIET,-0.8,ORINNIE,0.000,0
frame_000197_d0_recorte_Oito.jpg,oito,Otsu,TIET,TIET,-0.8,ORINNIE,0.000,0
frame_000198_d0_recorte_Oito.jpg,oito,Otsu,TIET,TIET,-0.8,ORINNIE,0.000,0
frame_000199_d0_recorte_Oito.jpg,oito,Otsu,TIET,TIET,-0.8,ORINNIE,0.000,0
frame_000200_d0_recorte_Oito.jpg,oito,Otsu,TIET,TIET,-0.8,ORINNIE,0.000,0
frame_000201_d0_recorte_Oito.jpg,oito,Otsu,TIET,TIET,-0.8,ORINNIE,0.000,0
frame_000202_d0_recorte_Oito.jpg,oito,Otsu,TT,TT,-0.8,ORINNIE,0.000,0
frame_000203_d0_recorte_Oito.jpg,oito,Otsu,RUYONDY,RUYONDY,-0.8,NBEYOND,0.000,0
frame_000204_d0_recorte_Oito.jpg,oito,Otsu,RUYONDY,RUYONDY,-0.8,NBEYOND,0.000,0
frame_000205_d0_recorte_Oito.jpg,oito,Otsu,RUYONDY,RUYONDY,-0.8,NBEYOND,0.000,0
frame_000206_d0_recorte_Oito.jpg,oito,Otsu,RUYONDY,RUYONDY,-0.8,NBEYOND,0.000,0
frame_000207_d0_recorte_Oito.jpg,oito,Otsu,RUYONDY,RUYONDY,-0.8,NBEYOND,0.000,0
frame_000208_d0_recorte_Oito.jpg,oito,Otsu,RUYONDY,RUYONDY,-0.8,NBEYOND,0.000,0
frame_000209_d0_recorte_Oito.jpg,oito,Otsu,RUYONDY,RUYONDY,-0.8,NBEYOND,0.000,0
frame_000210_d0_recorte_Oito.jpg,oito,Otsu,RUYONDY,RUYONDY,-0.8,NBEYOND,0.000,0
frame_000211_d0_recorte_Oito.jpg,oito,Otsu,RUYONDY,RUYONDY,-0.8,NBEYOND,0.000,0
frame_000212_d0_recorte_Oito.jpg,oito,Otsu,RUYONDY,RUYONDY,-0.8,NBEYOND,0.000,0
frame_000213_d0_recorte_Oito.jpg,oito,Otsu,RUYONDY,RUYONDY,-0.8,NBEYOND,0.000,0
frame_000214_d0_recorte_Oito.jpg,oito,Otsu,RYONDI,RYONDI,-0.8,NBEYOND,0.000,0
frame_000215_d0_recorte_Oito.jpg,oito,Otsu,RYONDI,RYONDI,-0.8,NBEYOND,0.000,0
frame_000216_d0_recorte_Oito.jpg,oito,Otsu,RYONDI,RYONDI,-0.8,NBEYOND,0.000,0
frame_000217_d0_recorte_Oito.jpg,oito,Otsu,RYONDI,RYONDI,-0.8,NBEYOND,0.000,0
frame_000218_d0_recorte_Oito.jpg,oito,Otsu,RYONDI,RYONDI,-0.8,NBEYOND,0.000,0
frame_000219_d0_recorte_Oito.jpg,oito,Otsu,RYONDI,RYONDI,-0.8,NBEYOND,0.000,0
frame_000220_d0_recorte_Oito.jpg,oito,Otsu,RYONDI,RYONDI,-0.8,NBEYOND,0.000,0
frame_000221_d0_recorte_Oito.jpg,oito,Otsu,RYONDI,RYONDI,-0.8,NBEYOND,0.000,0
frame_000222_d0_recorte_Oito.jpg,oito,Otsu,RYONDI,RYONDI,-0.8,NBEYOND,0.000,0
frame_000223_d0_recorte_Oito.jpg,oito,Otsu,RYONDI,RYONDI,-0.8,NBEYOND,0.000,0
frame_000224_d0_recorte_Oito.jpg,oito,Otsu,RYONDI,RYONDI,-0.8,NBEYOND,0.000,0
frame_000225_d0_recorte_Oito.jpg,oito,Otsu,JOYYODA,JOYYODA,-0.8,TOYYODA,0.857,0
frame_000226_d0_recorte_Oito.jpg,oito,Otsu,JOYYODA,JOYYODA,-0.8,TOYYODA,0.857,0
frame_000227_d0_recorte_Oito.jpg,oito,Otsu,JOYYODA,JOYYODA,-0.8,TOYYODA,0.857,0
frame_000228_d0_recorte_Oito.jpg,oito,Otsu,JOYYODA,JOYYODA,-0.8,TOYYODA,0.857,0
frame_000229_d0_recorte_Oito.jpg,oito,Otsu,JOYYODA,JOYYODA,-0.8,TOYYODA,0.857,0
frame_000230_d0_recorte_Oito.jpg,oito,Otsu,JOYYODA,JOYYODA,-0.8,TOYYODA,0.857,0
frame_000231_d0_recorte_Oito.jpg,oito,Otsu,JOYYODA,JOYYODA,-0.8,TOYYODA,0.857,0
frame_000232_d0_recorte_Oito.jpg,oito,Otsu,JOYYODA,JOYYODA,-0.8,TOYYODA,0.857,0
frame_000233_d0_recorte_Oito.jpg,oito,Otsu,JOYYODA,JOYYODA,-0.8,TOYYODA,0.857,0
frame_000234_d0_recorte_Oito.jpg,oito,Otsu,JOYYODA,JOYYODA,-0.8,TOYYODA,0.857,0
frame_000235_d0_recorte_Oito.jpg,oito,Otsu,JOYYODA,JOYYODA,-0.8,TOYYODA,0.857,0
frame_000236_d0_recorte_Oito.jpg,oito,Otsu,JOYYODA,JOYYODA,-0.8,TOYYODA,0.857,0
frame_000237_d0_recorte_Oito.jpg,oito,Otsu,JOYYODA,JOYYODA,-0.8,TOYYODA,0.857,0
frame_000238_d0_recorte_Oito.jpg,oito,Otsu,JOYYODA,JOYYODA,-0.8,TOYYODA,0.857,0
frame_000239_d0_recorte_Oito.jpg,oito,Otsu,JOYYODA,JOYYODA,-0.8,TOYYODA,0.857,0
frame_000240_d0_recorte_Oito.jpg,oito,Otsu,JOYYODA,JOYYODA,-0.8,TOYYODA,0.857,0
frame_000241_d0_recorte_Oito.jpg,oito,Otsu,JOYYODA,JOYYODA,-0.8,TOYYODA,0.857,0
frame_000242_d0_recorte_Oito.jpg,oito,Otsu,JOYYODA,JOYYODA,-0.8,TOYYODA,0.857,0
frame_000243_d0_recorte_Oito.jpg,oito,Otsu,JOYYODA,JOYYODA,-0.8,TOYYODA,0.857,0
frame_000244_d0_recorte_Oito.jpg,oito,Otsu,TNEED2P,TNEED2P,-0.8,INEED2P,0.857,0
frame_000244_d1_recorte_Oito.jpg,oito,Otsu,,,-1.0,INEED2P,0.000,0
frame_000245_d0_recorte_Oito.jpg,oito,Otsu,TNEED2P,TNEED2P,-0.8,INEED2P,0.857,0
frame_000245_d1_recorte_Oito.jpg,oito,Otsu,,,-1.0,INEED2P,0.000,0
frame_000246_d0_recorte_Oito.jpg,oito,Otsu,TNEED2P,TNEED2P,-0.8,INEED2P,0.857,0
frame_000246_d1_recorte_Oito.jpg,oito,Otsu,,,-1.0,INEED2P,0.000,0
frame_000247_d0_recorte_Oito.jpg,oito,Otsu,TNEED2P,TNEED2P,-0.8,INEED2P,0.857,0
frame_000247_d1_recorte_Oito.jpg,oito,Otsu,,,-1.0,INEED2P,0.000,0
frame_000248_d0_recorte_Oito.jpg,oito,Otsu,TNEED2P,TNEED2P,-0.8,INEED2P,0.857,0
frame_000248_d1_recorte_Oito.jpg,oito,Otsu,,,-1.0,INEED2P,0.000,0
frame_000249_d0_recorte_Oito.jpg,oito,Otsu,TNEED2P,TNEED2P,-0.8,INEED2P,0.857,0
frame_000249_d1_recorte_Oito.jpg,oito,Otsu,,,-1.0,INEED2P,0.000,0
frame_000250_d0_recorte_Oito.jpg,oito,Otsu,TNEED2P,TNEED2P,-0.8,INEED2P,0.857,0
frame_000250_d1_recorte_Oito.jpg,oito,Otsu,,,-1.0,INEED2P,0.000,0
frame_000251_d0_recorte_Oito.jpg,oito,Otsu,TNEED2P,TNEED2P,-0.8,INEED2P,0.857,0
frame_000251_d1_recorte_Oito.jpg,oito,Otsu,,,-1.0,INEED2P,0.000,0
frame_000252_d0_recorte_Oito.jpg,oito,Otsu,TNEED2P,TNEED2P,-0.8,INEED2P,0.857,0
frame_000252_d1_recorte_Oito.jpg,oito,Otsu,,,-1.0,INEED2P,0.000,0
frame_000253_d0_recorte_Oito.jpg,oito,Otsu,TNEED2P,TNEED2P,-0.8,INEED2P,0.857,0
frame_000253_d1_recorte_Oito.jpg,oito,Otsu,,,-1.0,INEED2P,0.000,0
frame_000254_d0_recorte_Oito.jpg,oito,Otsu,TNEED2P,TNEED2P,-0.8,INEED2P,0.857,0
frame_000254_d1_recorte_Oito.jpg,oito,Otsu,,,-1.0,INEED2P,0.000,0
frame_000255_d0_recorte_Oito.jpg,oito,Otsu,TNEED2P,TNEED2P,-0.8,INEED2P,0.857,0
frame_000255_d1_recorte_Oito.jpg,oito,Otsu,,,-1.0,INEED2P,0.000,0
frame_000256_d0_recorte_Oito.jpg,oito,Otsu,TNEED2P,TNEED2P,-0.8,INEED2P,0.857,0
frame_000256_d1_recorte_Oito.jpg,oito,Otsu,,,-1.0,INEED2P,0.000,0
frame_000257_d0_recorte_Oito.jpg,oito,Otsu,TNEED2P,TNEED2P,-0.8,INEED2P,0.857,0
frame_000257_d1_recorte_Oito.jpg,oito,Otsu,,,-1.0,INEED2P,0.000,0
frame_000258_d0_recorte_Oito.jpg,oito,Otsu,TNEED2P,TNEED2P,-0.8,INEED2P,0.857,0
frame_000258_d1_recorte_Oito.jpg,oito,Otsu,,,-1.0,INEED2P,0.000,0
frame_000259_d0_recorte_Oito.jpg,oito,Otsu,CG,CG,-0.8,88B88BB,0.000,0
frame_000260_d0_recorte_Oito.jpg,oito,Otsu,ORRRT,ORRRT,-0.8,88B88BB,0.000,0
frame_000261_d0_recorte_Oito.jpg,oito,Otsu,ORRRT,ORRRT,-0.8,88B88BB,0.000,0
frame_000262_d0_recorte_Oito.jpg,oito,Otsu,ORRRT,ORRRT,-0.8,88B88BB,0.000,0
frame_000263_d0_recorte_Oito.jpg,oito,Otsu,ORRRT,ORRRT,-0.8,88B88BB,0.000,0
frame_000264_d0_recorte_Oito.jpg,oito,Otsu,ORRRT,ORRRT,-0.8,88B88BB,0.000,0
frame_000265_d0_recorte_Oito.jpg,oito,Otsu,ORRRT,ORRRT,-0.8,88B88BB,0.000,0
frame_000266_d0_recorte_Oito.jpg,oito,Otsu,ORRRT,ORRRT,-0.8,88B88BB,0.000,0
frame_000267_d0_recorte_Oito.jpg,oito,Otsu,ROBBBBBI,ROBBBBBI,-0.8,88B88BB,0.429,0
frame_000268_d0_recorte_Oito.jpg,oito,Otsu,ROBBBBBI,ROBBBBBI,-0.8,88B88BB,0.429,0
frame_000269_d0_recorte_Oito.jpg,oito,Otsu,ROBBBBBI,ROBBBBBI,-0.8,88B88BB,0.429,0
frame_000270_d0_recorte_Oito.jpg,oito,Otsu,ROBBBBBI,ROBBBBBI,-0.8,88B88BB,0.429,0
frame_000271_d0_recorte_Oito.jpg,oito,Otsu,ROBBBBBI,ROBBBBBI,-0.8,88B88BB,0.429,0
frame_000272_d0_recorte_Oito.jpg,oito,Otsu,ROBBBBBI,ROBBBBBI,-0.8,88B88BB,0.429,0
frame_000273_d0_recorte_Oito.jpg,oito,Otsu,ROBBBBBI,ROBBBBBI,-0.8,88B88BB,0.429,0
frame_000274_d0_recorte_Oito.jpg,oito,Otsu,ROBBBBBI,ROBBBBBI,-0.8,88B88BB,0.429,0
frame_000275_d0_recorte_Oito.jpg,oito,Otsu,ROBBBBBI,ROBBBBBI,-0.8,88B88BB,0.429,0
frame_000276_d0_recorte_Oito.jpg,oito,Otsu,ROBBBBBI,ROBBBBBI,-0.8,88B88BB,0.429,0
frame_000277_d0_recorte_Oito.jpg,oito,Otsu,ROBBBBBI,ROBBBBBI,-0.8,88B88BB,0.429,0
frame_000278_d0_recorte_Oito.jpg,oito,Otsu,ROBBBBBI,ROBBBBBI,-0.8,88B88BB,0.429,0
frame_000279_d0_recorte_Oito.jpg,oito,Otsu,ROBBBBBI,ROBBBBBI,-0.8,88B88BB,0.429,0
frame_000280_d0_recorte_Oito.jpg,oito,Otsu,ROBBBBBI,ROBBBBBI,-0.8,88B88BB,0.429,0
frame_000281_d0_recorte_Oito.jpg,oito,Otsu,ROBBBBBI,ROBBBBBI,-0.8,88B88BB,0.429,0
frame_000282_d0_recorte_Oito.jpg,oito,Otsu,ROBBBBBI,ROBBBBBI,-0.8,88B88BB,0.429,0
frame_000283_d0_recorte_Oito.jpg,oito,Otsu,ROBBBBBI,ROBBBBBI,-0.8,88B88BB,0.429,0
frame_000284_d0_recorte_Oito.jpg,oito,Otsu,ROBBBBBI,ROBBBBBI,-0.8,88B88BB,0.429,0
frame_000285_d0_recorte_Oito.jpg,oito,Otsu,ROBBBBBI,ROBBBBBI,-0.8,88B88BB,0.429,0
frame_000286_d0_recorte_Oito.jpg,oito,Otsu,ROBBBBBI,ROBBBBBI,-0.8,88B88BB,0.429,0
frame_000287_d0_recorte_Oito.jpg,oito,Otsu,ROBBBBBI,ROBBBBBI,-0.8,88B88BB,0.429,0
frame_000288_d0_recorte_Oito.jpg,oito,Otsu,ROBBBBBI,ROBBBBBI,-0.8,88B88BB,0.429,0
frame_000289_d0_recorte_Oito.jpg,oito,Otsu,ROBBBBBI,ROBBBBBI,-0.8,88B88BB,0.429,0
frame_000290_d0_recorte_Oito.jpg,oito,Otsu,ROBBBBBI,ROBBBBBI,-0.8,88B88BB,0.429,0
frame_000291_d0_recorte_Oito.jpg,oito,Otsu,ROBBBBBI,ROBBBBBI,-0.8,88B88BB,0.429,0
frame_000292_d0_recorte_Oito.jpg,oito,Otsu,ROBBBBBI,ROBBBBBI,-0.8,88B88BB,0.429,0
frame_000293_d0_recorte_Oito.jpg,oito,Otsu,ROBBBBBI,ROBBBBBI,-0.8,88B88BB,0.429,0
frame_000294_d0_recorte_Oito.jpg,oito,Otsu,ROBBBBBI,ROBBBBBI,-0.8,88B88BB,0.429,0
frame_000295_d0_recorte_Oito.jpg,oito,Otsu,ROBBBBBI,ROBBBBBI,-0.8,88B88BB,0.429,0
frame_000296_d0_recorte_Oito.jpg,oito,Otsu,ROBBBBBI,ROBBBBBI,-0.8,88B88BB,0.429,0
frame_000297_d0_recorte_Oito.jpg,oito,Otsu,ROBBBBBI,ROBBBBBI,-0.8,88B88BB,0.429,0
frame_000298_d0_recorte_Oito.jpg,oito,Otsu,ROBBBBBI,ROBBBBBI,-0.8,88B88BB,0.429,0
frame_000299_d0_recorte_Oito.jpg,oito,Otsu,ROBBBBBI,ROBBBBBI,-0.8,88B88BB,0.429,0
frame_000300_d0_recorte_Oito.jpg,oito,Otsu,ROBBBBBI,ROBBBBBI,-0.8,88B88BB,0.429,0
frame_000301_d0_recorte_Oito.jpg,oito,Otsu,ROBBBBBI,ROBBBBBI,-0.8,88B88BB,0.429,0
frame_000302_d0_recorte_Oito.jpg,oito,Otsu,ROBBBBBI,ROBBBBBI,-0.8,88B88BB,0.429,0
frame_000303_d0_recorte_Oito.jpg,oito,Otsu,ROBBBBBI,ROBBBBBI,-0.8,88B88BB,0.429,0
frame_000304_d0_recorte_Oito.jpg,oito,Otsu,ROBBBBBI,ROBBBBBI,-0.8,88B88BB,0.429,0
frame_000305_d0_recorte_Oito.jpg,oito,Otsu,ROBBBBBI,ROBBBBBI,-0.8,88B88BB,0.429,0
frame_000306_d0_recorte_Oito.jpg,oito,Otsu,ROBBBBBI,ROBBBBBI,-0.8,88B88BB,0.429,0
frame_000307_d0_recorte_Oito.jpg,oito,Otsu,ROBBBBBI,ROBBBBBI,-0.8,88B88BB,0.429,0
frame_000000_d0_recorte_Oito.jpg,oito,Adapt,HONDUH,HONDUH,-0.8,HONDUH,1.000,1
frame_000001_d0_recorte_Oito.jpg,oito,Adapt,HONDUH,HONDUH,-0.8,HONDUH,1.000,1
frame_000002_d0_recorte_Oito.jpg,oito,Adapt,HONDUH,HONDUH,-0.8,HONDUH,1.000,1
frame_000003_d0_recorte_Oito.jpg,oito,Adapt,HONDUH,HONDUH,-0.8,HONDUH,1.000,1
frame_000004_d0_recorte_Oito.jpg,oito,Adapt,HONDUH,HONDUH,-0.8,HONDUH,1.000,1
frame_000005_d0_recorte_Oito.jpg,oito,Adapt,HONDUH,HONDUH,-0.8,HONDUH,1.000,1
frame_000006_d0_recorte_Oito.jpg,oito,Adapt,HONDUH,HONDUH,-0.8,HONDUH,1.000,1
frame_000007_d0_recorte_Oito.jpg,oito,Adapt,HONDUH,HONDUH,-0.8,HONDUH,1.000,1
frame_000008_d0_recorte_Oito.jpg,oito,Adapt,HONDUH,HONDUH,-0.8,HONDUH,1.000,1
frame_000009_d0_recorte_Oito.jpg,oito,Adapt,HONDUH,HONDUH,-0.8,HONDUH,1.000,1
frame_000010_d0_recorte_Oito.jpg,oito,Adapt,HONDUH,HONDUH,-0.8,HONDUH,1.000,1
frame_000011_d0_recorte_Oito.jpg,oito,Adapt,HONDUH,HONDUH,-0.8,HONDUH,1.000,1
frame_000012_d0_recorte_Oito.jpg,oito,Adapt,HONDUH,HONDUH,-0.8,HONDUH,1.000,1
frame_000013_d0_recorte_Oito.jpg,oito,Adapt,HONDUH,HONDUH,-0.8,HONDUH,1.000,1
frame_000014_d0_recorte_Oito.jpg,oito,Adapt,HONDUH,HONDUH,-0.8,HONDUH,1.000,1
frame_000015_d0_recorte_Oito.jpg,oito,Adapt,HONDUH,HONDUH,-0.8,HONDUH,1.000,1
frame_000016_d0_recorte_Oito.jpg,oito,Adapt,HONDUH,HONDUH,-0.8,HONDUH,1.000,1
frame_000017_d0_recorte_Oito.jpg,oito,Adapt,HONDUH,HONDUH,-0.8,HONDUH,1.000,1
frame_000018_d0_recorte_Oito.jpg,oito,Adapt,HONDUH,HONDUH,-0.8,HONDUH,1.000,1
frame_000019_d0_recorte_Oito.jpg,oito,Adapt,HONDUH,HONDUH,-0.8,HONDUH,1.000,1
frame_000021_d0_recorte_Oito.jpg,oito,Adapt,TTHELESS,TTHELESS,-0.8,TIMELESS,0.750,0
frame_000022_d0_recorte_Oito.jpg,oito,Adapt,TTHELESS,TTHELESS,-0.8,TIMELESS,0.750,0
frame_000023_d0_recorte_Oito.jpg,oito,Adapt,TTHELESS,TTHELESS,-0.8,TIMELESS,0.750,0
frame_000024_d0_recorte_Oito.jpg,oito,Adapt,TTHELESS,TTHELESS,-0.8,TIMELESS,0.750,0
frame_000025_d0_recorte_Oito.jpg,oito,Adapt,TTHELESS,TTHELESS,-0.8,TIMELESS,0.750,0
frame_000026_d0_recorte_Oito.jpg,oito,Adapt,TTHELESS,TTHELESS,-0.8,TIMELESS,0.750,0
frame_000027_d0_recorte_Oito.jpg,oito,Adapt,TTHELESS,TTHELESS,-0.8,TIMELESS,0.750,0
frame_000028_d0_recorte_Oito.jpg,oito,Adapt,TTHELESS,TTHELESS,-0.8,TIMELESS,0.750,0
frame_000029_d0_recorte_Oito.jpg,oito,Adapt,TTHELESS,TTHELESS,-0.8,TIMELESS,0.750,0
frame_000030_d0_recorte_Oito.jpg,oito,Adapt,TTHELESS,TTHELESS,-0.8,TIMELESS,0.750,0
frame_000031_d0_recorte_Oito.jpg,oito,Adapt,TTHELESS,TTHELESS,-0.8,TIMELESS,0.750,0
frame_000032_d0_recorte_Oito.jpg,oito,Adapt,TTHELESS,TTHELESS,-0.8,TIMELESS,0.750,0
frame_000033_d0_recorte_Oito.jpg,oito,Adapt,TTHELESS,TTHELESS,-0.8,TIMELESS,0.750,0
frame_000034_d0_recorte_Oito.jpg,oito,Adapt,TTHELESS,TTHELESS,-0.8,TIMELESS,0.750,0
frame_000035_d0_recorte_Oito.jpg,oito,Adapt,TTHELESS,TTHELESS,-0.8,TIMELESS,0.750,0
frame_000036_d0_recorte_Oito.jpg,oito,Adapt,TTHELESS,TTHELESS,-0.8,TIMELESS,0.750,0
frame_000037_d0_recorte_Oito.jpg,oito,Adapt,TTHELESS,TTHELESS,-0.8,TIMELESS,0.750,0
frame_000038_d0_recorte_Oito.jpg,oito,Adapt,TTHELESS,TTHELESS,-0.8,TIMELESS,0.750,0
frame_000039_d0_recorte_Oito.jpg,oito,Adapt,TTHELESS,TTHELESS,-0.8,TIMELESS,0.750,0
frame_000040_d0_recorte_Oito.jpg,oito,Adapt,TTHELESS,TTHELESS,-0.8,TIMELESS,0.750,0
frame_000041_d0_recorte_Oito.jpg,oito,Adapt,TTHELESS,TTHELESS,-0.8,TIMELESS,0.750,0
frame_000042_d0_recorte_Oito.jpg,oito,Adapt,TTHELESS,TTHELESS,-0.8,TIMELESS,0.750,0
frame_000043_d0_recorte_Oito.jpg,oito,Adapt,EEWABUG,EEWABUG,-0.8,EEWABUG,1.000,1
frame_000044_d0_recorte_Oito.jpg,oito,Adapt,EEWABUG,EEWABUG,-0.8,EEWABUG,1.000,1
frame_000045_d0_recorte_Oito.jpg,oito,Adapt,EEWABUG,EEWABUG,-0.8,EEWABUG,1.000,1
frame_000046_d0_recorte_Oito.jpg,oito,Adapt,EEWABUG,EEWABUG,-0.8,EEWABUG,1.000,1
frame_000047_d0_recorte_Oito.jpg,oito,Adapt,EEWABUG,EEWABUG,-0.8,EEWABUG,1.000,1
frame_000048_d0_recorte_Oito.jpg,oito,Adapt,EEWABUG,EEWABUG,-0.8,EEWABUG,1.000,1
frame_000049_d0_recorte_Oito.jpg,oito,Adapt,EEWABUG,EEWABUG,-0.8,EEWABUG,1.000,1
frame_000050_d0_recorte_Oito.jpg,oito,Adapt,EEWABUG,EEWABUG,-0.8,EEWABUG,1.000,1
frame_000051_d0_recorte_Oito.jpg,oito,Adapt,EEWABUG,EEWABUG,-0.8,EEWABUG,1.000,1
frame_000052_d0_recorte_Oito.jpg,oito,Adapt,EEWABUG,EEWABUG,-0.8,EEWABUG,1.000,1
frame_000053_d0_recorte_Oito.jpg,oito,Adapt,EEWABUG,EEWABUG,-0.8,EEWABUG,1.000,1
frame_000054_d0_recorte_Oito.jpg,oito,Adapt,EWABUG,EWABUG,-0.8,EEWABUG,0.143,0
frame_000055_d0_recorte_Oito.jpg,oito,Adapt,EWABUG,EWABUG,-0.8,EEWABUG,0.143,0
frame_000056_d0_recorte_Oito.jpg,oito,Adapt,EWABUG,EWABUG,-0.8,EEWABUG,0.143,0
frame_000057_d0_recorte_Oito.jpg,oito,Adapt,EWABUG,EWABUG,-0.8,EEWABUG,0.143,0
frame_000058_d0_recorte_Oito.jpg,oito,Adapt,EWABUG,EWABUG,-0.8,EEWABUG,0.143,0
frame_000059_d0_recorte_Oito.jpg,oito,Adapt,EWABUG,EWABUG,-0.8,EEWABUG,0.143,0
frame_000060_d0_recorte_Oito.jpg,oito,Adapt,EWABUG,EWABUG,-0.8,EEWABUG,0.143,0
frame_000061_d0_recorte_Oito.jpg,oito,Adapt,PIKACHU,PIKACHU,-0.8,PIKACHU,1.000,1
frame_000062_d0_recorte_Oito.jpg,oito,Adapt,PIKACHU,PIKACHU,-0.8,PIKACHU,1.000,1
frame_000063_d0_recorte_Oito.jpg,oito,Adapt,PIKACHU,PIKACHU,-0.8,PIKACHU,1.000,1
frame_000064_d0_recorte_Oito.jpg,oito,Adapt,PIKACHU,PIKACHU,-0.8,PIKACHU,1.000,1
frame_000065_d0_recorte_Oito.jpg,oito,Adapt,PIKACHU,PIKACHU,-0.8,PIKACHU,1.000,1
frame_000066_d0_recorte_Oito.jpg,oito,Adapt,PIKACHU,PIKACHU,-0.8,PIKACHU,1.000,1
frame_000067_d0_recorte_Oito.jpg,oito,Adapt,PIKACHU,PIKACHU,-0.8,PIKACHU,1.000,1
frame_000068_d0_recorte_Oito.jpg,oito,Adapt,PIKACHU,PIKACHU,-0.8,PIKACHU,1.000,1
frame_000069_d0_recorte_Oito.jpg,oito,Adapt,PIKACHU,PIKACHU,-0.8,PIKACHU,1.000,1
frame_000070_d0_recorte_Oito.jpg,oito,Adapt,PIKACHU,PIKACHU,-0.8,PIKACHU,1.000,1
frame_000071_d0_recorte_Oito.jpg,oito,Adapt,PIKACHU,PIKACHU,-0.8,PIKACHU,1.000,1
frame_000072_d0_recorte_Oito.jpg,oito,Adapt,PIKACHU,PIKACHU,-0.8,PIKACHU,1.000,1
frame_000073_d0_recorte_Oito.jpg,oito,Adapt,PIKACHU,PIKACHU,-0.8,PIKACHU,1.000,1
frame_000074_d0_recorte_Oito.jpg,oito,Adapt,PIKACHU,PIKACHU,-0.8,PIKACHU,1.000,1
frame_000075_d0_recorte_Oito.jpg,oito,Adapt,PIKACHU,PIKACHU,-0.8,PIKACHU,1.000,1
frame_000076_d0_recorte_Oito.jpg,oito,Adapt,PIKACHU,PIKACHU,-0.8,PIKACHU,1.000,1
frame_000077_d0_recorte_Oito.jpg,oito,Adapt,PIKACHU,PIKACHU,-0.8,PIKACHU,1.000,1
frame_000078_d0_recorte_Oito.jpg,oito,Adapt,PIKACHU,PIKACHU,-0.8,PIKACHU,1.000,1
frame_000079_d0_recorte_Oito.jpg,oito,Adapt,PIKACHU,PIKACHU,-0.8,PIKACHU,1.000,1
frame_000080_d0_recorte_Oito.jpg,oito,Adapt,P,P,-0.8,OHIFIT,0.000,0
frame_000081_d0_recorte_Oito.jpg,oito,Adapt,P,P,-0.8,OHIFIT,0.000,0
frame_000082_d0_recorte_Oito.jpg,oito,Adapt,P,P,-0.8,OHIFIT,0.000,0
frame_000083_d0_recorte_Oito.jpg,oito,Adapt,P,P,-0.8,OHIFIT,0.000,0
frame_000084_d0_recorte_Oito.jpg,oito,Adapt,P,P,-0.8,OHIFIT,0.000,0
frame_000085_d0_recorte_Oito.jpg,oito,Adapt,P,P,-0.8,OHIFIT,0.000,0
frame_000086_d0_recorte_Oito.jpg,oito,Adapt,P,P,-0.8,OHIFIT,0.000,0
frame_000087_d0_recorte_Oito.jpg,oito,Adapt,P,P,-0.8,OHIFIT,0.000,0
frame_000088_d0_recorte_Oito.jpg,oito,Adapt,P,P,-0.8,OHIFIT,0.000,0
frame_000089_d0_recorte_Oito.jpg,oito,Adapt,P,P,-0.8,OHIFIT,0.000,0
frame_000090_d0_recorte_Oito.jpg,oito,Adapt,P,P,-0.8,OHIFIT,0.000,0
frame_000091_d0_recorte_Oito.jpg,oito,Adapt,P,P,-0.8,OHIFIT,0.000,0
frame_000092_d0_recorte_Oito.jpg,oito,Adapt,P,P,-0.8,OHIFIT,0.000,0
frame_000093_d0_recorte_Oito.jpg,oito,Adapt,P,P,-0.8,OHIFIT,0.000,0
frame_000094_d0_recorte_Oito.jpg,oito,Adapt,P,P,-0.8,OHIFIT,0.000,0
frame_000095_d0_recorte_Oito.jpg,oito,Adapt,P,P,-0.8,OHIFIT,0.000,0
frame_000096_d0_recorte_Oito.jpg,oito,Adapt,P,P,-0.8,OHIFIT,0.000,0
frame_000097_d0_recorte_Oito.jpg,oito,Adapt,P,P,-0.8,OHIFIT,0.000,0
frame_000098_d0_recorte_Oito.jpg,oito,Adapt,P,P,-0.8,OHIFIT,0.000,0
frame_000099_d0_recorte_Oito.jpg,oito,Adapt,P,P,-0.8,OHIFIT,0.000,0
frame_000100_d0_recorte_Oito.jpg,oito,Adapt,P,P,-0.8,OHIFIT,0.000,0
frame_000101_d0_recorte_Oito.jpg,oito,Adapt,GIS,GIS,-0.8,EWGAS,0.000,0
frame_000102_d0_recorte_Oito.jpg,oito,Adapt,BONS,BONS,-0.8,EWGAS,0.000,0
frame_000103_d0_recorte_Oito.jpg,oito,Adapt,BONS,BONS,-0.8,EWGAS,0.000,0
frame_000104_d0_recorte_Oito.jpg,oito,Adapt,BONS,BONS,-0.8,EWGAS,0.000,0
frame_000105_d0_recorte_Oito.jpg,oito,Adapt,BONS,BONS,-0.8,EWGAS,0.000,0
frame_000106_d0_recorte_Oito.jpg,oito,Adapt,BONS,BONS,-0.8,EWGAS,0.000,0
frame_000107_d0_recorte_Oito.jpg,oito,Adapt,BGS,BGS,0.8,EWGAS,0.000,0
frame_000108_d0_recorte_Oito.jpg,oito,Adapt,BGS,BGS,0.8,EWGAS,0.000,0
frame_000109_d0_recorte_Oito.jpg,oito,Adapt,BGS,BGS,0.8,EWGAS,0.000,0
frame_000110_d0_recorte_Oito.jpg,oito,Adapt,BGS,BGS,0.8,EWGAS,0.000,0
frame_000111_d0_recorte_Oito.jpg,oito,Adapt,BGS,BGS,0.8,EWGAS,0.000,0
frame_000112_d0_recorte_Oito.jpg,oito,Adapt,BGS,BGS,0.8,EWGAS,0.000,0
frame_000113_d0_recorte_Oito.jpg,oito,Adapt,BGS,BGS,0.8,EWGAS,0.000,0
frame_000114_d0_recorte_Oito.jpg,oito,Adapt,BGS,BGS,0.8,EWGAS,0.000,0
frame_000115_d0_recorte_Oito.jpg,oito,Adapt,BGS,BGS,0.8,EWGAS,0.000,0
frame_000116_d0_recorte_Oito.jpg,oito,Adapt,BGS,BGS,0.8,EWGAS,0.000,0
frame_000117_d0_recorte_Oito.jpg,oito,Adapt,BGS,BGS,0.8,EWGAS,0.000,0
frame_000118_d0_recorte_Oito.jpg,oito,Adapt,OFZELDA,OFZELDA,-0.8,OFZELDA,1.000,1
frame_000119_d0_recorte_Oito.jpg,oito,Adapt,OFZELDA,OFZELDA,-0.8,OFZELDA,1.000,1
frame_000120_d0_recorte_Oito.jpg,oito,Adapt,OFZELDA,OFZELDA,-0.8,OFZELDA,1.000,1
frame_000121_d0_recorte_Oito.jpg,oito,Adapt,OFZELDA,OFZELDA,-0.8,OFZELDA,1.000,1
frame_000122_d0_recorte_Oito.jpg,oito,Adapt,OFZELDA,OFZELDA,-0.8,OFZELDA,1.000,1
frame_000123_d0_recorte_Oito.jpg,oito,Adapt,OFZELDA,OFZELDA,-0.8,OFZELDA,1.000,1
frame_000124_d0_recorte_Oito.jpg,oito,Adapt,OFZELDA,OFZELDA,-0.8,OFZELDA,1.000,1
frame_000125_d0_recorte_Oito.jpg,oito,Adapt,OFZELDA,OFZELDA,-0.8,OFZELDA,1.000,1
frame_000126_d0_recorte_Oito.jpg,oito,Adapt,OFZELDA,OFZELDA,-0.8,OFZELDA,1.000,1
frame_000127_d0_recorte_Oito.jpg,oito,Adapt,OFZELDA,OFZELDA,-0.8,OFZELDA,1.000,1
frame_000128_d0_recorte_Oito.jpg,oito,Adapt,OFZELDA,OFZELDA,-0.8,OFZELDA,1.000,1
frame_000129_d0_recorte_Oito.jpg,oito,Adapt,OFZELDA,OFZELDA,-0.8,OFZELDA,1.000,1
frame_000130_d0_recorte_Oito.jpg,oito,Adapt,OFZELDA,OFZELDA,-0.8,OFZELDA,1.000,1
frame_000131_d0_recorte_Oito.jpg,oito,Adapt,OFZELDA,OFZELDA,-0.8,OFZELDA,1.000,1
frame_000132_d0_recorte_Oito.jpg,oito,Adapt,OFZELDA,OFZELDA,-0.8,OFZELDA,1.000,1
frame_000133_d0_recorte_Oito.jpg,oito,Adapt,OFZELDA,OFZELDA,-0.8,OFZELDA,1.000,1
frame_000134_d0_recorte_Oito.jpg,oito,Adapt,OFZELDA,OFZELDA,-0.8,OFZELDA,1.000,1
frame_000135_d0_recorte_Oito.jpg,oito,Adapt,OFZELDA,OFZELDA,-0.8,OFZELDA,1.000,1
frame_000136_d0_recorte_Oito.jpg,oito,Adapt,OFZELDA,OFZELDA,-0.8,OFZELDA,1.000,1
frame_000137_d0_recorte_Oito.jpg,oito,Adapt,OFZELDA,OFZELDA,-0.8,OFZELDA,1.000,1
frame_000138_d0_recorte_Oito.jpg,oito,Adapt,OFZELDA,OFZELDA,-0.8,OFZELDA,1.000,1
frame_000139_d0_recorte_Oito.jpg,oito,Adapt,OFZELDA,OFZELDA,-0.8,OFZELDA,1.000,1
frame_000140_d0_recorte_Oito.jpg,oito,Adapt,OFZELDA,OFZELDA,-0.8,OFZELDA,1.000,1
frame_000141_d0_recorte_Oito.jpg,oito,Adapt,OFZELDA,OFZELDA,-0.8,OFZELDA,1.000,1
frame_000142_d0_recorte_Oito.jpg,oito,Adapt,OFZELDA,OFZELDA,-0.8,OFZELDA,1.000,1
frame_000143_d0_recorte_Oito.jpg,oito,Adapt,OFZELDA,OFZELDA,-0.8,OFZELDA,1.000,1
frame_000144_d0_recorte_Oito.jpg,oito,Adapt,OFZELDA,OFZELDA,-0.8,OFZELDA,1.000,1
frame_000145_d0_recorte_Oito.jpg,oito,Adapt,OFZELDA,OFZELDA,-0.8,OFZELDA,1.000,1
frame_000146_d0_recorte_Oito.jpg,oito,Adapt,WBYE402K,WBYE402K,-0.8,BYE4O1K,0.000,0
frame_000147_d0_recorte_Oito.jpg,oito,Adapt,WBYE402K,WBYE402K,-0.8,BYE4O1K,0.000,0
frame_000148_d0_recorte_Oito.jpg,oito,Adapt,WBYE402K,WBYE402K,-0.8,BYE4O1K,0.000,0
frame_000149_d0_recorte_Oito.jpg,oito,Adapt,WBYE402K,WBYE402K,-0.8,BYE4O1K,0.000,0
frame_000150_d0_recorte_Oito.jpg,oito,Adapt,WBYE402K,WBYE402K,-0.8,BYE4O1K,0.000,0
frame_000151_d0_recorte_Oito.jpg,oito,Adapt,WBYE402K,WBYE402K,-0.8,BYE4O1K,0.000,0
frame_000152_d0_recorte_Oito.jpg,oito,Adapt,WBYE402K,WBYE402K,-0.8,BYE4O1K,0.000,0
frame_000153_d0_recorte_Oito.jpg,oito,Adapt,WBYE402K,WBYE402K,-0.8,BYE4O1K,0.000,0
frame_000154_d0_recorte_Oito.jpg,oito,Adapt,WBYE402K,WBYE402K,-0.8,BYE4O1K,0.000,0
frame_000155_d0_recorte_Oito.jpg,oito,Adapt,WBYE402K,WBYE402K,-0.8,BYE4O1K,0.000,0
frame_000156_d0_recorte_Oito.jpg,oito,Adapt,WBYE402K,WBYE402K,-0.8,BYE4O1K,0.000,0
frame_000157_d0_recorte_Oito.jpg,oito,Adapt,WBYE402K,WBYE402K,-0.8,BYE4O1K,0.000,0
frame_000158_d0_recorte_Oito.jpg,oito,Adapt,WBYE402K,WBYE402K,-0.8,BYE4O1K,0.000,0
frame_000159_d0_recorte_Oito.jpg,oito,Adapt,WBYE402K,WBYE402K,-0.8,BYE4O1K,0.000,0
frame_000160_d0_recorte_Oito.jpg,oito,Adapt,HBYE401K,HBYE401K,-0.8,BYE4O1K,0.000,0
frame_000161_d0_recorte_Oito.jpg,oito,Adapt,RUAHAHA,RUAHAHA,-0.8,MUAHAHA,0.857,0
frame_000162_d0_recorte_Oito.jpg,oito,Adapt,RUAHAHA,RUAHAHA,-0.8,MUAHAHA,0.857,0
frame_000163_d0_recorte_Oito.jpg,oito,Adapt,RUAHAHA,RUAHAHA,-0.8,MUAHAHA,0.857,0
frame_000164_d0_recorte_Oito.jpg,oito,Adapt,RUAHAHA,RUAHAHA,-0.8,MUAHAHA,0.857,0
frame_000165_d0_recorte_Oito.jpg,oito,Adapt,RUAHAHA,RUAHAHA,-0.8,MUAHAHA,0.857,0
frame_000166_d0_recorte_Oito.jpg,oito,Adapt,RUAHAHA,RUAHAHA,-0.8,MUAHAHA,0.857,0
frame_000167_d0_recorte_Oito.jpg,oito,Adapt,RUAHAHA,RUAHAHA,-0.8,MUAHAHA,0.857,0
frame_000168_d0_recorte_Oito.jpg,oito,Adapt,RUAHAHA,RUAHAHA,-0.8,MUAHAHA,0.857,0
frame_000169_d0_recorte_Oito.jpg,oito,Adapt,RUAHAHA,RUAHAHA,-0.8,MUAHAHA,0.857,0
frame_000170_d0_recorte_Oito.jpg,oito,Adapt,RUAHAHA,RUAHAHA,-0.8,MUAHAHA,0.857,0
frame_000171_d0_recorte_Oito.jpg,oito,Adapt,RUAHAHA,RUAHAHA,-0.8,MUAHAHA,0.857,0
frame_000172_d0_recorte_Oito.jpg,oito,Adapt,RUAHAHA,RUAHAHA,-0.8,MUAHAHA,0.857,0
frame_000173_d0_recorte_Oito.jpg,oito,Adapt,RUAHAHA,RUAHAHA,-0.8,MUAHAHA,0.857,0
frame_000174_d0_recorte_Oito.jpg,oito,Adapt,RUAHAHA,RUAHAHA,-0.8,MUAHAHA,0.857,0
frame_000175_d0_recorte_Oito.jpg,oito,Adapt,RUAHAHA,RUAHAHA,-0.8,MUAHAHA,0.857,0
frame_000176_d0_recorte_Oito.jpg,oito,Adapt,RUAHAHA,RUAHAHA,-0.8,MUAHAHA,0.857,0
frame_000177_d0_recorte_Oito.jpg,oito,Adapt,RUAHAHA,RUAHAHA,-0.8,MUAHAHA,0.857,0
frame_000178_d0_recorte_Oito.jpg,oito,Adapt,RUAHAHA,RUAHAHA,-0.8,MUAHAHA,0.857,0
frame_000179_d0_recorte_Oito.jpg,oito,Adapt,RUAHAHA,RUAHAHA,-0.8,MUAHAHA,0.857,0
frame_000180_d0_recorte_Oito.jpg,oito,Adapt,RUAHAHA,RUAHAHA,-0.8,MUAHAHA,0.857,0
frame_000181_d0_recorte_Oito.jpg,oito,Adapt,RUAHAHA,RUAHAHA,-0.8,MUAHAHA,0.857,0
frame_000182_d0_recorte_Oito.jpg,oito,Adapt,RUAHAHA,RUAHAHA,-0.8,MUAHAHA,0.857,0
frame_000183_d0_recorte_Oito.jpg,oito,Adapt,RUAHAHA,RUAHAHA,-0.8,MUAHAHA,0.857,0
frame_000184_d0_recorte_Oito.jpg,oito,Adapt,R,R,-0.8,ORINNIE,0.000,0
frame_000185_d0_recorte_Oito.jpg,oito,Adapt,R,R,-0.8,ORINNIE,0.000,0
frame_000186_d0_recorte_Oito.jpg,oito,Adapt,R,R,-0.8,ORINNIE,0.000,0
frame_000187_d0_recorte_Oito.jpg,oito,Adapt,R,R,-0.8,ORINNIE,0.000,0
frame_000188_d0_recorte_Oito.jpg,oito,Adapt,R,R,-0.8,ORINNIE,0.000,0
frame_000189_d0_recorte_Oito.jpg,oito,Adapt,R,R,-0.8,ORINNIE,0.000,0
frame_000190_d0_recorte_Oito.jpg,oito,Adapt,R,R,-0.8,ORINNIE,0.000,0
frame_000191_d0_recorte_Oito.jpg,oito,Adapt,R,R,-0.8,ORINNIE,0.000,0
frame_000192_d0_recorte_Oito.jpg,oito,Adapt,R,R,-0.8,ORINNIE,0.000,0
frame_000193_d0_recorte_Oito.jpg,oito,Adapt,R,R,-0.8,ORINNIE,0.000,0
frame_000194_d0_recorte_Oito.jpg,oito,Adapt,R,R,-0.8,ORINNIE,0.000,0
frame_000195_d0_recorte_Oito.jpg,oito,Adapt,R,R,-0.8,ORINNIE,0.000,0
frame_000196_d0_recorte_Oito.jpg,oito,Adapt,R,R,-0.8,ORINNIE,0.000,0
frame_000197_d0_recorte_Oito.jpg,oito,Adapt,R,R,-0.8,ORINNIE,0.000,0
frame_000198_d0_recorte_Oito.jpg,oito,Adapt,R,R,-0.8,ORINNIE,0.000,0
frame_000199_d0_recorte_Oito.jpg,oito,Adapt,R,R,-0.8,ORINNIE,0.000,0
frame_000200_d0_recorte_Oito.jpg,oito,Adapt,R,R,-0.8,ORINNIE,0.000,0
frame_000201_d0_recorte_Oito.jpg,oito,Adapt,R,R,-0.8,ORINNIE,0.000,0
frame_000202_d0_recorte_Oito.jpg,oito,Adapt,R,R,-0.8,ORINNIE,0.000,0
frame_000203_d0_recorte_Oito.jpg,oito,Adapt,NBEYOND,NBEYOND,-0.8,NBEYOND,1.000,1
frame_000204_d0_recorte_Oito.jpg,oito,Adapt,NBEYOND,NBEYOND,-0.8,NBEYOND,1.000,1
frame_000205_d0_recorte_Oito.jpg,oito,Adapt,NBEYOND,NBEYOND,-0.8,NBEYOND,1.000,1
frame_000206_d0_recorte_Oito.jpg,oito,Adapt,NBEYOND,NBEYOND,-0.8,NBEYOND,1.000,1
frame_000207_d0_recorte_Oito.jpg,oito,Adapt,NBEYOND,NBEYOND,-0.8,NBEYOND,1.000,1
frame_000208_d0_recorte_Oito.jpg,oito,Adapt,NBEYOND,NBEYOND,-0.8,NBEYOND,1.000,1
frame_000209_d0_recorte_Oito.jpg,oito,Adapt,NBEYOND,NBEYOND,-0.8,NBEYOND,1.000,1
frame_000210_d0_recorte_Oito.jpg,oito,Adapt,NBEYOND,NBEYOND,-0.8,NBEYOND,1.000,1
frame_000211_d0_recorte_Oito.jpg,oito,Adapt,NBEYOND,NBEYOND,-0.8,NBEYOND,1.000,1
frame_000212_d0_recorte_Oito.jpg,oito,Adapt,NBEYOND,NBEYOND,-0.8,NBEYOND,1.000,1
frame_000213_d0_recorte_Oito.jpg,oito,Adapt,NBEYOND,NBEYOND,-0.8,NBEYOND,1.000,1
frame_000214_d0_recorte_Oito.jpg,oito,Adapt,FNBEYOND,FNBEYOND,-0.8,NBEYOND,0.000,0
frame_000215_d0_recorte_Oito.jpg,oito,Adapt,FNBEYOND,FNBEYOND,-0.8,NBEYOND,0.000,0
frame_000216_d0_recorte_Oito.jpg,oito,Adapt,FNBEYOND,FNBEYOND,-0.8,NBEYOND,0.000,0
frame_000217_d0_recorte_Oito.jpg,oito,Adapt,FNBEYOND,FNBEYOND,-0.8,NBEYOND,0.000,0
frame_000218_d0_recorte_Oito.jpg,oito,Adapt,FNBEYOND,FNBEYOND,-0.8,NBEYOND,0.000,0
frame_000219_d0_recorte_Oito.jpg,oito,Adapt,FNBEYOND,FNBEYOND,-0.8,NBEYOND,0.000,0
frame_000220_d0_recorte_Oito.jpg,oito,Adapt,FNBEYOND,FNBEYOND,-0.8,NBEYOND,0.000,0
frame_000221_d0_recorte_Oito.jpg,oito,Adapt,FNBEYOND,FNBEYOND,-0.8,NBEYOND,0.000,0
frame_000222_d0_recorte_Oito.jpg,oito,Adapt,FNBEYOND,FNBEYOND,-0.8,NBEYOND,0.000,0
frame_000223_d0_recorte_Oito.jpg,oito,Adapt,FNBEYOND,FNBEYOND,-0.8,NBEYOND,0.000,0
frame_000224_d0_recorte_Oito.jpg,oito,Adapt,FNBEYOND,FNBEYOND,-0.8,NBEYOND,0.000,0
frame_000225_d0_recorte_Oito.jpg,oito,Adapt,TOYYODA,TOYYODA,-0.8,TOYYODA,1.000,1
frame_000226_d0_recorte_Oito.jpg,oito,Adapt,TOYYODA,TOYYODA,-0.8,TOYYODA,1.000,1
frame_000227_d0_recorte_Oito.jpg,oito,Adapt,TOYYODA,TOYYODA,-0.8,TOYYODA,1.000,1
frame_000228_d0_recorte_Oito.jpg,oito,Adapt,TOYYODA,TOYYODA,-0.8,TOYYODA,1.000,1
frame_000229_d0_recorte_Oito.jpg,oito,Adapt,TOYYODA,TOYYODA,-0.8,TOYYODA,1.000,1
frame_000230_d0_recorte_Oito.jpg,oito,Adapt,TOYYODA,TOYYODA,-0.8,TOYYODA,1.000,1
frame_000231_d0_recorte_Oito.jpg,oito,Adapt,TOYYODA,TOYYODA,-0.8,TOYYODA,1.000,1
frame_000232_d0_recorte_Oito.jpg,oito,Adapt,TOYYODA,TOYYODA,-0.8,TOYYODA,1.000,1
frame_000233_d0_recorte_Oito.jpg,oito,Adapt,TOYYODA,TOYYODA,-0.8,TOYYODA,1.000,1
frame_000234_d0_recorte_Oito.jpg,oito,Adapt,TOYYODA,TOYYODA,-0.8,TOYYODA,1.000,1
frame_000235_d0_recorte_Oito.jpg,oito,Adapt,TOYYODA,TOYYODA,-0.8,TOYYODA,1.000,1
frame_000236_d0_recorte_Oito.jpg,oito,Adapt,TOYYODA,TOYYODA,-0.8,TOYYODA,1.000,1
frame_000237_d0_recorte_Oito.jpg,oito,Adapt,TOYYODA,TOYYODA,-0.8,TOYYODA,1.000,1
frame_000238_d0_recorte_Oito.jpg,oito,Adapt,TOYYODA,TOYYODA,-0.8,TOYYODA,1.000,1
frame_000239_d0_recorte_Oito.jpg,oito,Adapt,TOYYODA,TOYYODA,-0.8,TOYYODA,1.000,1
frame_000240_d0_recorte_Oito.jpg,oito,Adapt,TOYYODA,TOYYODA,-0.8,TOYYODA,1.000,1
frame_000241_d0_recorte_Oito.jpg,oito,Adapt,TOYYODA,TOYYODA,-0.8,TOYYODA,1.000,1
frame_000242_d0_recorte_Oito.jpg,oito,Adapt,TOYYODA,TOYYODA,-0.8,TOYYODA,1.000,1
frame_000243_d0_recorte_Oito.jpg,oito,Adapt,TOYYODA,TOYYODA,-0.8,TOYYODA,1.000,1
frame_000244_d0_recorte_Oito.jpg,oito,Adapt,TNEED2P,TNEED2P,-0.8,INEED2P,0.857,0
frame_000244_d1_recorte_Oito.jpg,oito,Adapt,,,-1.0,INEED2P,0.000,0
frame_000245_d0_recorte_Oito.jpg,oito,Adapt,TNEED2P,TNEED2P,-0.8,INEED2P,0.857,0
frame_000245_d1_recorte_Oito.jpg,oito,Adapt,,,-1.0,INEED2P,0.000,0
frame_000246_d0_recorte_Oito.jpg,oito,Adapt,TNEED2P,TNEED2P,-0.8,INEED2P,0.857,0
frame_000246_d1_recorte_Oito.jpg,oito,Adapt,,,-1.0,INEED2P,0.000,0
frame_000247_d0_recorte_Oito.jpg,oito,Adapt,TNEED2P,TNEED2P,-0.8,INEED2P,0.857,0
frame_000247_d1_recorte_Oito.jpg,oito,Adapt,,,-1.0,INEED2P,0.000,0
frame_000248_d0_recorte_Oito.jpg,oito,Adapt,TNEED2P,TNEED2P,-0.8,INEED2P,0.857,0
frame_000248_d1_recorte_Oito.jpg,oito,Adapt,,,-1.0,INEED2P,0.000,0
frame_000249_d0_recorte_Oito.jpg,oito,Adapt,TNEED2P,TNEED2P,-0.8,INEED2P,0.857,0
frame_000249_d1_recorte_Oito.jpg,oito,Adapt,,,-1.0,INEED2P,0.000,0
frame_000250_d0_recorte_Oito.jpg,oito,Adapt,TNEED2P,TNEED2P,-0.8,INEED2P,0.857,0
frame_000250_d1_recorte_Oito.jpg,oito,Adapt,,,-1.0,INEED2P,0.000,0
frame_000251_d0_recorte_Oito.jpg,oito,Adapt,TNEED2P,TNEED2P,-0.8,INEED2P,0.857,0
frame_000251_d1_recorte_Oito.jpg,oito,Adapt,,,-1.0,INEED2P,0.000,0
frame_000252_d0_recorte_Oito.jpg,oito,Adapt,TNEED2P,TNEED2P,-0.8,INEED2P,0.857,0
frame_000252_d1_recorte_Oito.jpg,oito,Adapt,,,-1.0,INEED2P,0.000,0
frame_000253_d0_recorte_Oito.jpg,oito,Adapt,TNEED2P,TNEED2P,-0.8,INEED2P,0.857,0
frame_000253_d1_recorte_Oito.jpg,oito,Adapt,,,-1.0,INEED2P,0.000,0
frame_000254_d0_recorte_Oito.jpg,oito,Adapt,TNEED2P,TNEED2P,-0.8,INEED2P,0.857,0
frame_000254_d1_recorte_Oito.jpg,oito,Adapt,,,-1.0,INEED2P,0.000,0
frame_000255_d0_recorte_Oito.jpg,oito,Adapt,TNEED2P,TNEED2P,-0.8,INEED2P,0.857,0
frame_000255_d1_recorte_Oito.jpg,oito,Adapt,,,-1.0,INEED2P,0.000,0
frame_000256_d0_recorte_Oito.jpg,oito,Adapt,TNEED2P,TNEED2P,-0.8,INEED2P,0.857,0
frame_000256_d1_recorte_Oito.jpg,oito,Adapt,,,-1.0,INEED2P,0.000,0
frame_000257_d0_recorte_Oito.jpg,oito,Adapt,TNEED2P,TNEED2P,-0.8,INEED2P,0.857,0
frame_000257_d1_recorte_Oito.jpg,oito,Adapt,,,-1.0,INEED2P,0.000,0
frame_000258_d0_recorte_Oito.jpg,oito,Adapt,TNEED2P,TNEED2P,-0.8,INEED2P,0.857,0
frame_000258_d1_recorte_Oito.jpg,oito,Adapt,,,-1.0,INEED2P,0.000,0
frame_000259_d0_recorte_Oito.jpg,oito,Adapt,66B5,66B5,-0.8,88B88BB,0.143,0
frame_000260_d0_recorte_Oito.jpg,oito,Adapt,BGB66B5,BGB66B5,-0.8,88B88BB,0.286,0
frame_000261_d0_recorte_Oito.jpg,oito,Adapt,BGB66B5,BGB66B5,-0.8,88B88BB,0.286,0
frame_000262_d0_recorte_Oito.jpg,oito,Adapt,BGB66B5,BGB66B5,-0.8,88B88BB,0.286,0
frame_000263_d0_recorte_Oito.jpg,oito,Adapt,BGB66B5,BGB66B5,-0.8,88B88BB,0.286,0
frame_000264_d0_recorte_Oito.jpg,oito,Adapt,BGB66B5,BGB66B5,-0.8,88B88BB,0.286,0
frame_000265_d0_recorte_Oito.jpg,oito,Adapt,BGB66B5,BGB66B5,-0.8,88B88BB,0.286,0
frame_000266_d0_recorte_Oito.jpg,oito,Adapt,BGB66B5,BGB66B5,-0.8,88B88BB,0.286,0
frame_000267_d0_recorte_Oito.jpg,oito,Adapt,BSB6BB,BSB6BB,-0.8,88B88BB,0.286,0
frame_000268_d0_recorte_Oito.jpg,oito,Adapt,BSB6BB,BSB6BB,-0.8,88B88BB,0.286,0
frame_000269_d0_recorte_Oito.jpg,oito,Adapt,BSB6BB,BSB6BB,-0.8,88B88BB,0.286,0
frame_000270_d0_recorte_Oito.jpg,oito,Adapt,BSB6BB,BSB6BB,-0.8,88B88BB,0.286,0
frame_000271_d0_recorte_Oito.jpg,oito,Adapt,BSB6BB,BSB6BB,-0.8,88B88BB,0.286,0
frame_000272_d0_recorte_Oito.jpg,oito,Adapt,BSB6BB,BSB6BB,-0.8,88B88BB,0.286,0
frame_000273_d0_recorte_Oito.jpg,oito,Adapt,BSB6BB,BSB6BB,-0.8,88B88BB,0.286,0
frame_000274_d0_recorte_Oito.jpg,oito,Adapt,BSB6BB,BSB6BB,-0.8,88B88BB,0.286,0
frame_000275_d0_recorte_Oito.jpg,oito,Adapt,BSB6BB,BSB6BB,-0.8,88B88BB,0.286,0
frame_000276_d0_recorte_Oito.jpg,oito,Adapt,BSB6BB,BSB6BB,-0.8,88B88BB,0.286,0
frame_000277_d0_recorte_Oito.jpg,oito,Adapt,BSB6BB,BSB6BB,-0.8,88B88BB,0.286,0
frame_000278_d0_recorte_Oito.jpg,oito,Adapt,BSB6BB,BSB6BB,-0.8,88B88BB,0.286,0
frame_000279_d0_recorte_Oito.jpg,oito,Adapt,BSB6BB,BSB6BB,-0.8,88B88BB,0.286,0
frame_000280_d0_recorte_Oito.jpg,oito,Adapt,BSB6BB,BSB6BB,-0.8,88B88BB,0.286,0
frame_000281_d0_recorte_Oito.jpg,oito,Adapt,BSB6BB,BSB6BB,-0.8,88B88BB,0.286,0
frame_000282_d0_recorte_Oito.jpg,oito,Adapt,BSB6BB,BSB6BB,-0.8,88B88BB,0.286,0
frame_000283_d0_recorte_Oito.jpg,oito,Adapt,BSB6BB,BSB6BB,-0.8,88B88BB,0.286,0
frame_000284_d0_recorte_Oito.jpg,oito,Adapt,BSB6BB,BSB6BB,-0.8,88B88BB,0.286,0
frame_000285_d0_recorte_Oito.jpg,oito,Adapt,BSB6BB,BSB6BB,-0.8,88B88BB,0.286,0
frame_000286_d0_recorte_Oito.jpg,oito,Adapt,BSB6BB,BSB6BB,-0.8,88B88BB,0.286,0
frame_000287_d0_recorte_Oito.jpg,oito,Adapt,BSB6BB,BSB6BB,-0.8,88B88BB,0.286,0
frame_000288_d0_recorte_Oito.jpg,oito,Adapt,BSB6BB,BSB6BB,-0.8,88B88BB,0.286,0
frame_000289_d0_recorte_Oito.jpg,oito,Adapt,BSB6BB,BSB6BB,-0.8,88B88BB,0.286,0
frame_000290_d0_recorte_Oito.jpg,oito,Adapt,BSB6BB,BSB6BB,-0.8,88B88BB,0.286,0
frame_000291_d0_recorte_Oito.jpg,oito,Adapt,BSB6BB,BSB6BB,-0.8,88B88BB,0.286,0
frame_000292_d0_recorte_Oito.jpg,oito,Adapt,BSB6BB,BSB6BB,-0.8,88B88BB,0.286,0
frame_000293_d0_recorte_Oito.jpg,oito,Adapt,BSB6BB,BSB6BB,-0.8,88B88BB,0.286,0
frame_000294_d0_recorte_Oito.jpg,oito,Adapt,BSB6BB,BSB6BB,-0.8,88B88BB,0.286,0
frame_000295_d0_recorte_Oito.jpg,oito,Adapt,ASH6BB,ASH6BB,-0.8,88B88BB,0.143,0
frame_000296_d0_recorte_Oito.jpg,oito,Adapt,BSB68BB,BSB68BB,-0.8,88B88BB,0.571,0
frame_000297_d0_recorte_Oito.jpg,oito,Adapt,BSB68BB,BSB68BB,-0.8,88B88BB,0.571,0
frame_000298_d0_recorte_Oito.jpg,oito,Adapt,BSB68BB,BSB68BB,-0.8,88B88BB,0.571,0
frame_000299_d0_recorte_Oito.jpg,oito,Adapt,BSB68BB,BSB68BB,-0.8,88B88BB,0.571,0
frame_000300_d0_recorte_Oito.jpg,oito,Adapt,BSB68BB,BSB68BB,-0.8,88B88BB,0.571,0
frame_000301_d0_recorte_Oito.jpg,oito,Adapt,BSB68BB,BSB68BB,-0.8,88B88BB,0.571,0
frame_000302_d0_recorte_Oito.jpg,oito,Adapt,BSB68BB,BSB68BB,-0.8,88B88BB,0.571,0
frame_000303_d0_recorte_Oito.jpg,oito,Adapt,BSB68BB,BSB68BB,-0.8,88B88BB,0.571,0
frame_000304_d0_recorte_Oito.jpg,oito,Adapt,BSB68BB,BSB68BB,-0.8,88B88BB,0.571,0
frame_000305_d0_recorte_Oito.jpg,oito,Adapt,BSB68BB,BSB68BB,-0.8,88B88BB,0.571,0
frame_000306_d0_recorte_Oito.jpg,oito,Adapt,BSB68BB,BSB68BB,-0.8,88B88BB,0.571,0
frame_000307_d0_recorte_Oito.jpg,oito,Adapt,BSB68BB,BSB68BB,-0.8,88B88BB,0.571,0
frame_000000_d0_recorte_dezesseis.jpg,dezesseis,Otsu,IHONDUH4,IHONDUH4,-0.8,HONDUH,0.000,0
frame_000001_d0_recorte_dezesseis.jpg,dezesseis,Otsu,IHONDUH4,IHONDUH4,-0.8,HONDUH,0.000,0
frame_000002_d0_recorte_dezesseis.jpg,dezesseis,Otsu,IHONDUH4,IHONDUH4,-0.8,HONDUH,0.000,0
frame_000003_d0_recorte_dezesseis.jpg,dezesseis,Otsu,IHONDUH4,IHONDUH4,-0.8,HONDUH,0.000,0
frame_000004_d0_recorte_dezesseis.jpg,dezesseis,Otsu,IHONDUH4,IHONDUH4,-0.8,HONDUH,0.000,0
frame_000005_d0_recorte_dezesseis.jpg,dezesseis,Otsu,IHONDUH4,IHONDUH4,-0.8,HONDUH,0.000,0
frame_000006_d0_recorte_dezesseis.jpg,dezesseis,Otsu,IHONDUH4,IHONDUH4,-0.8,HONDUH,0.000,0
frame_000007_d0_recorte_dezesseis.jpg,dezesseis,Otsu,IHONDUH4,IHONDUH4,-0.8,HONDUH,0.000,0
frame_000008_d0_recorte_dezesseis.jpg,dezesseis,Otsu,IHONDUH4,IHONDUH4,-0.8,HONDUH,0.000,0
frame_000009_d0_recorte_dezesseis.jpg,dezesseis,Otsu,IHONDUH4,IHONDUH4,-0.8,HONDUH,0.000,0
frame_000010_d0_recorte_dezesseis.jpg,dezesseis,Otsu,IHONDUH4,IHONDUH4,-0.8,HONDUH,0.000,0
frame_000011_d0_recorte_dezesseis.jpg,dezesseis,Otsu,IHONDUH4,IHONDUH4,-0.8,HONDUH,0.000,0
frame_000012_d0_recorte_dezesseis.jpg,dezesseis,Otsu,IHONDUH4,IHONDUH4,-0.8,HONDUH,0.000,0
frame_000013_d0_recorte_dezesseis.jpg,dezesseis,Otsu,IHONDUH4,IHONDUH4,-0.8,HONDUH,0.000,0
frame_000014_d0_recorte_dezesseis.jpg,dezesseis,Otsu,IHONDUH4,IHONDUH4,-0.8,HONDUH,0.000,0
frame_000015_d0_recorte_dezesseis.jpg,dezesseis,Otsu,IHONDUH4,IHONDUH4,-0.8,HONDUH,0.000,0
frame_000016_d0_recorte_dezesseis.jpg,dezesseis,Otsu,IHONDUH4,IHONDUH4,-0.8,HONDUH,0.000,0
frame_000017_d0_recorte_dezesseis.jpg,dezesseis,Otsu,IHONDUH4,IHONDUH4,-0.8,HONDUH,0.000,0
frame_000018_d0_recorte_dezesseis.jpg,dezesseis,Otsu,IHONDUH4,IHONDUH4,-0.8,HONDUH,0.000,0
frame_000019_d0_recorte_dezesseis.jpg,dezesseis,Otsu,IHONDUH4,IHONDUH4,-0.8,HONDUH,0.000,0
frame_000021_d0_recorte_dezesseis.jpg,dezesseis,Otsu,TIMELESS,TIMELESS,-0.8,TIMELESS,1.000,1
frame_000022_d0_recorte_dezesseis.jpg,dezesseis,Otsu,TIMELESS,TIMELESS,-0.8,TIMELESS,1.000,1
frame_000023_d0_recorte_dezesseis.jpg,dezesseis,Otsu,TIMELESS,TIMELESS,-0.8,TIMELESS,1.000,1
frame_000024_d0_recorte_dezesseis.jpg,dezesseis,Otsu,TIMELESS,TIMELESS,-0.8,TIMELESS,1.000,1
frame_000025_d0_recorte_dezesseis.jpg,dezesseis,Otsu,TIMELESS,TIMELESS,-0.8,TIMELESS,1.000,1
frame_000026_d0_recorte_dezesseis.jpg,dezesseis,Otsu,TIMELESS,TIMELESS,-0.8,TIMELESS,1.000,1
frame_000027_d0_recorte_dezesseis.jpg,dezesseis,Otsu,TIMELESS,TIMELESS,-0.8,TIMELESS,1.000,1
frame_000028_d0_recorte_dezesseis.jpg,dezesseis,Otsu,TIMELESS,TIMELESS,-0.8,TIMELESS,1.000,1
frame_000029_d0_recorte_dezesseis.jpg,dezesseis,Otsu,TIMELESS,TIMELESS,-0.8,TIMELESS,1.000,1
frame_000030_d0_recorte_dezesseis.jpg,dezesseis,Otsu,TIMELESS,TIMELESS,-0.8,TIMELESS,1.000,1
frame_000031_d0_recorte_dezesseis.jpg,dezesseis,Otsu,TIMELESS,TIMELESS,-0.8,TIMELESS,1.000,1
frame_000032_d0_recorte_dezesseis.jpg,dezesseis,Otsu,TIMELESS,TIMELESS,-0.8,TIMELESS,1.000,1
frame_000033_d0_recorte_dezesseis.jpg,dezesseis,Otsu,TIMELESS,TIMELESS,-0.8,TIMELESS,1.000,1
frame_000034_d0_recorte_dezesseis.jpg,dezesseis,Otsu,TIMELESS,TIMELESS,-0.8,TIMELESS,1.000,1
frame_000035_d0_recorte_dezesseis.jpg,dezesseis,Otsu,TIMELESS,TIMELESS,-0.8,TIMELESS,1.000,1
frame_000036_d0_recorte_dezesseis.jpg,dezesseis,Otsu,TIMELESS,TIMELESS,-0.8,TIMELESS,1.000,1
frame_000037_d0_recorte_dezesseis.jpg,dezesseis,Otsu,TIMELESS,TIMELESS,-0.8,TIMELESS,1.000,1
frame_000038_d0_recorte_dezesseis.jpg,dezesseis,Otsu,TIMELESS,TIMELESS,-0.8,TIMELESS,1.000,1
frame_000039_d0_recorte_dezesseis.jpg,dezesseis,Otsu,TIMELESS,TIMELESS,-0.8,TIMELESS,1.000,1
frame_000040_d0_recorte_dezesseis.jpg,dezesseis,Otsu,TIMELESS,TIMELESS,-0.8,TIMELESS,1.000,1
frame_000041_d0_recorte_dezesseis.jpg,dezesseis,Otsu,TIMELESS,TIMELESS,-0.8,TIMELESS,1.000,1
frame_000042_d0_recorte_dezesseis.jpg,dezesseis,Otsu,TIMELESS,TIMELESS,-0.8,TIMELESS,1.000,1
frame_000043_d0_recorte_dezesseis.jpg,dezesseis,Otsu,BEEWABUCH,BEEWABUCH,-0.8,EEWABUG,0.143,0
frame_000044_d0_recorte_dezesseis.jpg,dezesseis,Otsu,BEEWABUCH,BEEWABUCH,-0.8,EEWABUG,0.143,0
frame_000045_d0_recorte_dezesseis.jpg,dezesseis,Otsu,BEEWABUCH,BEEWABUCH,-0.8,EEWABUG,0.143,0
frame_000046_d0_recorte_dezesseis.jpg,dezesseis,Otsu,BEEWABUCH,BEEWABUCH,-0.8,EEWABUG,0.143,0
frame_000047_d0_recorte_dezesseis.jpg,dezesseis,Otsu,BEEWABUCH,BEEWABUCH,-0.8,EEWABUG,0.143,0
frame_000048_d0_recorte_dezesseis.jpg,dezesseis,Otsu,BEEWABUCH,BEEWABUCH,-0.8,EEWABUG,0.143,0
frame_000049_d0_recorte_dezesseis.jpg,dezesseis,Otsu,BEEWABUCH,BEEWABUCH,-0.8,EEWABUG,0.143,0
frame_000050_d0_recorte_dezesseis.jpg,dezesseis,Otsu,BEEWABUCH,BEEWABUCH,-0.8,EEWABUG,0.143,0
frame_000051_d0_recorte_dezesseis.jpg,dezesseis,Otsu,BEEWABUCH,BEEWABUCH,-0.8,EEWABUG,0.143,0
frame_000052_d0_recorte_dezesseis.jpg,dezesseis,Otsu,BEEWABUCH,BEEWABUCH,-0.8,EEWABUG,0.143,0
frame_000053_d0_recorte_dezesseis.jpg,dezesseis,Otsu,BEEWABUCH,BEEWABUCH,-0.8,EEWABUG,0.143,0
frame_000054_d0_recorte_dezesseis.jpg,dezesseis,Otsu,BEEWABUGM,BEEWABUGM,-0.8,EEWABUG,0.143,0
frame_000055_d0_recorte_dezesseis.jpg,dezesseis,Otsu,BEEWABUGM,BEEWABUGM,-0.8,EEWABUG,0.143,0
frame_000056_d0_recorte_dezesseis.jpg,dezesseis,Otsu,BEEWABUGM,BEEWABUGM,-0.8,EEWABUG,0.143,0
frame_000057_d0_recorte_dezesseis.jpg,dezesseis,Otsu,BEEWABUGM,BEEWABUGM,-0.8,EEWABUG,0.143,0
frame_000058_d0_recorte_dezesseis.jpg,dezesseis,Otsu,BEEWABUGM,BEEWABUGM,-0.8,EEWABUG,0.143,0
frame_000059_d0_recorte_dezesseis.jpg,dezesseis,Otsu,BEEWABUGM,BEEWABUGM,-0.8,EEWABUG,0.143,0
frame_000060_d0_recorte_dezesseis.jpg,dezesseis,Otsu,BEEWABUGM,BEEWABUGM,-0.8,EEWABUG,0.143,0
frame_000061_d0_recorte_dezesseis.jpg,dezesseis,Otsu,PIKACHU,PIKACHU,-0.8,PIKACHU,1.000,1
frame_000062_d0_recorte_dezesseis.jpg,dezesseis,Otsu,PIKACHU,PIKACHU,-0.8,PIKACHU,1.000,1
frame_000063_d0_recorte_dezesseis.jpg,dezesseis,Otsu,PIKACHU,PIKACHU,-0.8,PIKACHU,1.000,1
frame_000064_d0_recorte_dezesseis.jpg,dezesseis,Otsu,PIKACHU,PIKACHU,-0.8,PIKACHU,1.000,1
frame_000065_d0_recorte_dezesseis.jpg,dezesseis,Otsu,PIKACHU,PIKACHU,-0.8,PIKACHU,1.000,1
frame_000066_d0_recorte_dezesseis.jpg,dezesseis,Otsu,PIKACHU,PIKACHU,-0.8,PIKACHU,1.000,1
frame_000067_d0_recorte_dezesseis.jpg,dezesseis,Otsu,PIKACHU,PIKACHU,-0.8,PIKACHU,1.000,1
frame_000068_d0_recorte_dezesseis.jpg,dezesseis,Otsu,PIKACHU,PIKACHU,-0.8,PIKACHU,1.000,1
frame_000069_d0_recorte_dezesseis.jpg,dezesseis,Otsu,PIKACHU,PIKACHU,-0.8,PIKACHU,1.000,1
frame_000070_d0_recorte_dezesseis.jpg,dezesseis,Otsu,PIKACHU,PIKACHU,-0.8,PIKACHU,1.000,1
frame_000071_d0_recorte_dezesseis.jpg,dezesseis,Otsu,PIKACHU,PIKACHU,-0.8,PIKACHU,1.000,1
frame_000072_d0_recorte_dezesseis.jpg,dezesseis,Otsu,PIKACHU,PIKACHU,-0.8,PIKACHU,1.000,1
frame_000073_d0_recorte_dezesseis.jpg,dezesseis,Otsu,PIKACHU,PIKACHU,-0.8,PIKACHU,1.000,1
frame_000074_d0_recorte_dezesseis.jpg,dezesseis,Otsu,PIKACHU,PIKACHU,-0.8,PIKACHU,1.000,1
frame_000075_d0_recorte_dezesseis.jpg,dezesseis,Otsu,PIKACHU,PIKACHU,-0.8,PIKACHU,1.000,1
frame_000076_d0_recorte_dezesseis.jpg,dezesseis,Otsu,PIKACHU,PIKACHU,-0.8,PIKACHU,1.000,1
frame_000077_d0_recorte_dezesseis.jpg,dezesseis,Otsu,PIKACHU,PIKACHU,-0.8,PIKACHU,1.000,1
frame_000078_d0_recorte_dezesseis.jpg,dezesseis,Otsu,PIKACHU,PIKACHU,-0.8,PIKACHU,1.000,1
frame_000079_d0_recorte_dezesseis.jpg,dezesseis,Otsu,PIKACHU,PIKACHU,-0.8,PIKACHU,1.000,1
frame_000080_d0_recorte_dezesseis.jpg,dezesseis,Otsu,PP,PP,-0.8,OHIFIT,0.000,0
frame_000081_d0_recorte_dezesseis.jpg,dezesseis,Otsu,PP,PP,-0.8,OHIFIT,0.000,0
frame_000082_d0_recorte_dezesseis.jpg,dezesseis,Otsu,PP,PP,-0.8,OHIFIT,0.000,0
frame_000083_d0_recorte_dezesseis.jpg,dezesseis,Otsu,PP,PP,-0.8,OHIFIT,0.000,0
frame_000084_d0_recorte_dezesseis.jpg,dezesseis,Otsu,PP,PP,-0.8,OHIFIT,0.000,0
frame_000085_d0_recorte_dezesseis.jpg,dezesseis,Otsu,PP,PP,-0.8,OHIFIT,0.000,0
frame_000086_d0_recorte_dezesseis.jpg,dezesseis,Otsu,PP,PP,-0.8,OHIFIT,0.000,0
frame_000087_d0_recorte_dezesseis.jpg,dezesseis,Otsu,PP,PP,-0.8,OHIFIT,0.000,0
frame_000088_d0_recorte_dezesseis.jpg,dezesseis,Otsu,PP,PP,-0.8,OHIFIT,0.000,0
frame_000089_d0_recorte_dezesseis.jpg,dezesseis,Otsu,PP,PP,-0.8,OHIFIT,0.000,0
frame_000090_d0_recorte_dezesseis.jpg,dezesseis,Otsu,PP,PP,-0.8,OHIFIT,0.000,0
frame_000091_d0_recorte_dezesseis.jpg,dezesseis,Otsu,PP,PP,-0.8,OHIFIT,0.000,0
frame_000092_d0_recorte_dezesseis.jpg,dezesseis,Otsu,PP,PP,-0.8,OHIFIT,0.000,0
frame_000093_d0_recorte_dezesseis.jpg,dezesseis,Otsu,PP,PP,-0.8,OHIFIT,0.000,0
frame_000094_d0_recorte_dezesseis.jpg,dezesseis,Otsu,PP,PP,-0.8,OHIFIT,0.000,0
frame_000095_d0_recorte_dezesseis.jpg,dezesseis,Otsu,PP,PP,-0.8,OHIFIT,0.000,0
frame_000096_d0_recorte_dezesseis.jpg,dezesseis,Otsu,PP,PP,-0.8,OHIFIT,0.000,0
frame_000097_d0_recorte_dezesseis.jpg,dezesseis,Otsu,PP,PP,-0.8,OHIFIT,0.000,0
frame_000098_d0_recorte_dezesseis.jpg,dezesseis,Otsu,PP,PP,-0.8,OHIFIT,0.000,0
frame_000099_d0_recorte_dezesseis.jpg,dezesseis,Otsu,PP,PP,-0.8,OHIFIT,0.000,0
frame_000100_d0_recorte_dezesseis.jpg,dezesseis,Otsu,PP,PP,-0.8,OHIFIT,0.000,0
frame_000101_d0_recorte_dezesseis.jpg,dezesseis,Otsu,WS,WS,2.0,EWGAS,0.000,0
frame_000102_d0_recorte_dezesseis.jpg,dezesseis,Otsu,OS,OS,-0.8,EWGAS,0.000,0
frame_000103_d0_recorte_dezesseis.jpg,dezesseis,Otsu,OS,OS,-0.8,EWGAS,0.000,0
frame_000104_d0_recorte_dezesseis.jpg,dezesseis,Otsu,OS,OS,-0.8,EWGAS,0.000,0
frame_000105_d0_recorte_dezesseis.jpg,dezesseis,Otsu,OS,OS,-0.8,EWGAS,0.000,0
frame_000106_d0_recorte_dezesseis.jpg,dezesseis,Otsu,OS,OS,-0.8,EWGAS,0.000,0
frame_000107_d0_recorte_dezesseis.jpg,dezesseis,Otsu,ES,ES,6.0,EWGAS,0.200,0
frame_000108_d0_recorte_dezesseis.jpg,dezesseis,Otsu,ES,ES,6.0,EWGAS,0.200,0
frame_000109_d0_recorte_dezesseis.jpg,dezesseis,Otsu,ES,ES,6.0,EWGAS,0.200,0
frame_000110_d0_recorte_dezesseis.jpg,dezesseis,Otsu,ES,ES,6.0,EWGAS,0.200,0
frame_000111_d0_recorte_dezesseis.jpg,dezesseis,Otsu,ES,ES,6.0,EWGAS,0.200,0
frame_000112_d0_recorte_dezesseis.jpg,dezesseis,Otsu,ES,ES,6.0,EWGAS,0.200,0
frame_000113_d0_recorte_dezesseis.jpg,dezesseis,Otsu,ES,ES,6.0,EWGAS,0.200,0
frame_000114_d0_recorte_dezesseis.jpg,dezesseis,Otsu,ES,ES,6.0,EWGAS,0.200,0
frame_000115_d0_recorte_dezesseis.jpg,dezesseis,Otsu,ES,ES,6.0,EWGAS,0.200,0
frame_000116_d0_recorte_dezesseis.jpg,dezesseis,Otsu,ES,ES,6.0,EWGAS,0.200,0
frame_000117_d0_recorte_dezesseis.jpg,dezesseis,Otsu,ES,ES,6.0,EWGAS,0.200,0
frame_000118_d0_recorte_dezesseis.jpg,dezesseis,Otsu,1OFZELDA,1OFZELDA,-0.8,OFZELDA,0.000,0
frame_000119_d0_recorte_dezesseis.jpg,dezesseis,Otsu,1OFZELDA,1OFZELDA,-0.8,OFZELDA,0.000,0
frame_000120_d0_recorte_dezesseis.jpg,dezesseis,Otsu,1OFZELDA,1OFZELDA,-0.8,OFZELDA,0.000,0
frame_000121_d0_recorte_dezesseis.jpg,dezesseis,Otsu,1OFZELDA,1OFZELDA,-0.8,OFZELDA,0.000,0
frame_000122_d0_recorte_dezesseis.jpg,dezesseis,Otsu,1OFZELDA,1OFZELDA,-0.8,OFZELDA,0.000,0
frame_000123_d0_recorte_dezesseis.jpg,dezesseis,Otsu,1OFZELDA,1OFZELDA,-0.8,OFZELDA,0.000,0
frame_000124_d0_recorte_dezesseis.jpg,dezesseis,Otsu,1OFZELDA,1OFZELDA,-0.8,OFZELDA,0.000,0
frame_000125_d0_recorte_dezesseis.jpg,dezesseis,Otsu,1OFZELDA,1OFZELDA,-0.8,OFZELDA,0.000,0
frame_000126_d0_recorte_dezesseis.jpg,dezesseis,Otsu,1OFZELDA,1OFZELDA,-0.8,OFZELDA,0.000,0
frame_000127_d0_recorte_dezesseis.jpg,dezesseis,Otsu,1OFZELDA,1OFZELDA,-0.8,OFZELDA,0.000,0
frame_000128_d0_recorte_dezesseis.jpg,dezesseis,Otsu,1OFZELDA,1OFZELDA,-0.8,OFZELDA,0.000,0
frame_000129_d0_recorte_dezesseis.jpg,dezesseis,Otsu,1OFZELDA,1OFZELDA,-0.8,OFZELDA,0.000,0
frame_000130_d0_recorte_dezesseis.jpg,dezesseis,Otsu,1OFZELDA,1OFZELDA,-0.8,OFZELDA,0.000,0
frame_000131_d0_recorte_dezesseis.jpg,dezesseis,Otsu,1OFZELDA,1OFZELDA,-0.8,OFZELDA,0.000,0
frame_000132_d0_recorte_dezesseis.jpg,dezesseis,Otsu,1OFZELDA,1OFZELDA,-0.8,OFZELDA,0.000,0
frame_000133_d0_recorte_dezesseis.jpg,dezesseis,Otsu,1OFZELDA,1OFZELDA,-0.8,OFZELDA,0.000,0
frame_000134_d0_recorte_dezesseis.jpg,dezesseis,Otsu,1OFZELDA,1OFZELDA,-0.8,OFZELDA,0.000,0
frame_000135_d0_recorte_dezesseis.jpg,dezesseis,Otsu,1OFZELDA,1OFZELDA,-0.8,OFZELDA,0.000,0
frame_000136_d0_recorte_dezesseis.jpg,dezesseis,Otsu,1OFZELDA,1OFZELDA,-0.8,OFZELDA,0.000,0
frame_000137_d0_recorte_dezesseis.jpg,dezesseis,Otsu,1OFZELDA,1OFZELDA,-0.8,OFZELDA,0.000,0
frame_000138_d0_recorte_dezesseis.jpg,dezesseis,Otsu,1OFZELDA,1OFZELDA,-0.8,OFZELDA,0.000,0
frame_000139_d0_recorte_dezesseis.jpg,dezesseis,Otsu,1OFZELDA,1OFZELDA,-0.8,OFZELDA,0.000,0
frame_000140_d0_recorte_dezesseis.jpg,dezesseis,Otsu,1OFZELDA,1OFZELDA,-0.8,OFZELDA,0.000,0
frame_000141_d0_recorte_dezesseis.jpg,dezesseis,Otsu,1OFZELDA,1OFZELDA,-0.8,OFZELDA,0.000,0
frame_000142_d0_recorte_dezesseis.jpg,dezesseis,Otsu,1OFZELDA,1OFZELDA,-0.8,OFZELDA,0.000,0
frame_000143_d0_recorte_dezesseis.jpg,dezesseis,Otsu,1OFZELDA,1OFZELDA,-0.8,OFZELDA,0.000,0
frame_000144_d0_recorte_dezesseis.jpg,dezesseis,Otsu,1OFZELDA,1OFZELDA,-0.8,OFZELDA,0.000,0
frame_000145_d0_recorte_dezesseis.jpg,dezesseis,Otsu,1OFZELDA,1OFZELDA,-0.8,OFZELDA,0.000,0
frame_000146_d0_recorte_dezesseis.jpg,dezesseis,Otsu,BE4O1K,BE4O1K,-0.8,BYE4O1K,0.143,0
frame_000147_d0_recorte_dezesseis.jpg,dezesseis,Otsu,BE4O1K,BE4O1K,-0.8,BYE4O1K,0.143,0
frame_000148_d0_recorte_dezesseis.jpg,dezesseis,Otsu,BE4O1K,BE4O1K,-0.8,BYE4O1K,0.143,0
frame_000149_d0_recorte_dezesseis.jpg,dezesseis,Otsu,BE4O1K,BE4O1K,-0.8,BYE4O1K,0.143,0
frame_000150_d0_recorte_dezesseis.jpg,dezesseis,Otsu,BE4O1K,BE4O1K,-0.8,BYE4O1K,0.143,0
frame_000151_d0_recorte_dezesseis.jpg,dezesseis,Otsu,BE4O1K,BE4O1K,-0.8,BYE4O1K,0.143,0
frame_000152_d0_recorte_dezesseis.jpg,dezesseis,Otsu,BE4O1K,BE4O1K,-0.8,BYE4O1K,0.143,0
frame_000153_d0_recorte_dezesseis.jpg,dezesseis,Otsu,BE4O1K,BE4O1K,-0.8,BYE4O1K,0.143,0
frame_000154_d0_recorte_dezesseis.jpg,dezesseis,Otsu,BE4O1K,BE4O1K,-0.8,BYE4O1K,0.143,0
frame_000155_d0_recorte_dezesseis.jpg,dezesseis,Otsu,BE4O1K,BE4O1K,-0.8,BYE4O1K,0.143,0
frame_000156_d0_recorte_dezesseis.jpg,dezesseis,Otsu,BE4O1K,BE4O1K,-0.8,BYE4O1K,0.143,0
frame_000157_d0_recorte_dezesseis.jpg,dezesseis,Otsu,BE4O1K,BE4O1K,-0.8,BYE4O1K,0.143,0
frame_000158_d0_recorte_dezesseis.jpg,dezesseis,Otsu,BE4O1K,BE4O1K,-0.8,BYE4O1K,0.143,0
frame_000159_d0_recorte_dezesseis.jpg,dezesseis,Otsu,BE4O1K,BE4O1K,-0.8,BYE4O1K,0.143,0
frame_000160_d0_recorte_dezesseis.jpg,dezesseis,Otsu,BBE401K,BBE401K,-0.8,BYE4O1K,0.714,0
frame_000161_d0_recorte_dezesseis.jpg,dezesseis,Otsu,MUAHAHA,MUAHAHA,-0.8,MUAHAHA,1.000,1
frame_000162_d0_recorte_dezesseis.jpg,dezesseis,Otsu,MUAHAHA,MUAHAHA,-0.8,MUAHAHA,1.000,1
frame_000163_d0_recorte_dezesseis.jpg,dezesseis,Otsu,MUAHAHA,MUAHAHA,-0.8,MUAHAHA,1.000,1
frame_000164_d0_recorte_dezesseis.jpg,dezesseis,Otsu,MUAHAHA,MUAHAHA,-0.8,MUAHAHA,1.000,1
frame_000165_d0_recorte_dezesseis.jpg,dezesseis,Otsu,MUAHAHA,MUAHAHA,-0.8,MUAHAHA,1.000,1
frame_000166_d0_recorte_dezesseis.jpg,dezesseis,Otsu,MUAHAHA,MUAHAHA,-0.8,MUAHAHA,1.000,1
frame_000167_d0_recorte_dezesseis.jpg,dezesseis,Otsu,MUAHAHA,MUAHAHA,-0.8,MUAHAHA,1.000,1
frame_000168_d0_recorte_dezesseis.jpg,dezesseis,Otsu,MUAHAHA,MUAHAHA,-0.8,MUAHAHA,1.000,1
frame_000169_d0_recorte_dezesseis.jpg,dezesseis,Otsu,MUAHAHA,MUAHAHA,-0.8,MUAHAHA,1.000,1
frame_000170_d0_recorte_dezesseis.jpg,dezesseis,Otsu,MUAHAHA,MUAHAHA,-0.8,MUAHAHA,1.000,1
frame_000171_d0_recorte_dezesseis.jpg,dezesseis,Otsu,MUAHAHA,MUAHAHA,-0.8,MUAHAHA,1.000,1
frame_000172_d0_recorte_dezesseis.jpg,dezesseis,Otsu,MUAHAHA,MUAHAHA,-0.8,MUAHAHA,1.000,1
frame_000173_d0_recorte_dezesseis.jpg,dezesseis,Otsu,MUAHAHA,MUAHAHA,-0.8,MUAHAHA,1.000,1
frame_000174_d0_recorte_dezesseis.jpg,dezesseis,Otsu,MUAHAHA,MUAHAHA,-0.8,MUAHAHA,1.000,1
frame_000175_d0_recorte_dezesseis.jpg,dezesseis,Otsu,MUAHAHA,MUAHAHA,-0.8,MUAHAHA,1.000,1
frame_000176_d0_recorte_dezesseis.jpg,dezesseis,Otsu,MUAHAHA,MUAHAHA,-0.8,MUAHAHA,1.000,1
frame_000177_d0_recorte_dezesseis.jpg,dezesseis,Otsu,MUAHAHA,MUAHAHA,-0.8,MUAHAHA,1.000,1
frame_000178_d0_recorte_dezesseis.jpg,dezesseis,Otsu,MUAHAHA,MUAHAHA,-0.8,MUAHAHA,1.000,1
frame_000179_d0_recorte_dezesseis.jpg,dezesseis,Otsu,MUAHAHA,MUAHAHA,-0.8,MUAHAHA,1.000,1
frame_000180_d0_recorte_dezesseis.jpg,dezesseis,Otsu,MUAHAHA,MUAHAHA,-0.8,MUAHAHA,1.000,1
frame_000181_d0_recorte_dezesseis.jpg,dezesseis,Otsu,MUAHAHA,MUAHAHA,-0.8,MUAHAHA,1.000,1
frame_000182_d0_recorte_dezesseis.jpg,dezesseis,Otsu,MUAHAHA,MUAHAHA,-0.8,MUAHAHA,1.000,1
frame_000183_d0_recorte_dezesseis.jpg,dezesseis,Otsu,MUAHAHA,MUAHAHA,-0.8,MUAHAHA,1.000,1
frame_000184_d0_recorte_dezesseis.jpg,dezesseis,Otsu,RTNTEY,RTNTEY,-0.8,ORINNIE,0.000,0
frame_000185_d0_recorte_dezesseis.jpg,dezesseis,Otsu,RTNTEY,RTNTEY,-0.8,ORINNIE,0.000,0
frame_000186_d0_recorte_dezesseis.jpg,dezesseis,Otsu,RTNTEY,RTNTEY,-0.8,ORINNIE,0.000,0
frame_000187_d0_recorte_dezesseis.jpg,dezesseis,Otsu,RTNTEY,RTNTEY,-0.8,ORINNIE,0.000,0
frame_000188_d0_recorte_dezesseis.jpg,dezesseis,Otsu,RTNTEY,RTNTEY,-0.8,ORINNIE,0.000,0
frame_000189_d0_recorte_dezesseis.jpg,dezesseis,Otsu,RTNTEY,RTNTEY,-0.8,ORINNIE,0.000,0
frame_000190_d0_recorte_dezesseis.jpg,dezesseis,Otsu,RTNTEY,RTNTEY,-0.8,ORINNIE,0.000,0
frame_000191_d0_recorte_dezesseis.jpg,dezesseis,Otsu,RTNTEY,RTNTEY,-0.8,ORINNIE,0.000,0
frame_000192_d0_recorte_dezesseis.jpg,dezesseis,Otsu,RTNTEY,RTNTEY,-0.8,ORINNIE,0.000,0
frame_000193_d0_recorte_dezesseis.jpg,dezesseis,Otsu,RTNTEY,RTNTEY,-0.8,ORINNIE,0.000,0
frame_000194_d0_recorte_dezesseis.jpg,dezesseis,Otsu,RTNTEY,RTNTEY,-0.8,ORINNIE,0.000,0
frame_000195_d0_recorte_dezesseis.jpg,dezesseis,Otsu,RTNTEY,RTNTEY,-0.8,ORINNIE,0.000,0
frame_000196_d0_recorte_dezesseis.jpg,dezesseis,Otsu,RTNTEY,RTNTEY,-0.8,ORINNIE,0.000,0
frame_000197_d0_recorte_dezesseis.jpg,dezesseis,Otsu,RTNTEY,RTNTEY,-0.8,ORINNIE,0.000,0
frame_000198_d0_recorte_dezesseis.jpg,dezesseis,Otsu,RTNTEY,RTNTEY,-0.8,ORINNIE,0.000,0
frame_000199_d0_recorte_dezesseis.jpg,dezesseis,Otsu,RTNTEY,RTNTEY,-0.8,ORINNIE,0.000,0
frame_000200_d0_recorte_dezesseis.jpg,dezesseis,Otsu,RTNTEY,RTNTEY,-0.8,ORINNIE,0.000,0
frame_000201_d0_recorte_dezesseis.jpg,dezesseis,Otsu,RTNTEY,RTNTEY,-0.8,ORINNIE,0.000,0
frame_000202_d0_recorte_dezesseis.jpg,dezesseis,Otsu,RTNTEY,RTNTEY,-0.8,ORINNIE,0.000,0
frame_000203_d0_recorte_dezesseis.jpg,dezesseis,Otsu,RWBEYONDY,RWBEYONDY,-0.8,NBEYOND,0.000,0
frame_000204_d0_recorte_dezesseis.jpg,dezesseis,Otsu,RWBEYONDY,RWBEYONDY,-0.8,NBEYOND,0.000,0
frame_000205_d0_recorte_dezesseis.jpg,dezesseis,Otsu,RWBEYONDY,RWBEYONDY,-0.8,NBEYOND,0.000,0
frame_000206_d0_recorte_dezesseis.jpg,dezesseis,Otsu,RWBEYONDY,RWBEYONDY,-0.8,NBEYOND,0.000,0
frame_000207_d0_recorte_dezesseis.jpg,dezesseis,Otsu,RWBEYONDY,RWBEYONDY,-0.8,NBEYOND,0.000,0
frame_000208_d0_recorte_dezesseis.jpg,dezesseis,Otsu,RWBEYONDY,RWBEYONDY,-0.8,NBEYOND,0.000,0
frame_000209_d0_recorte_dezesseis.jpg,dezesseis,Otsu,RWBEYONDY,RWBEYONDY,-0.8,NBEYOND,0.000,0
frame_000210_d0_recorte_dezesseis.jpg,dezesseis,Otsu,RWBEYONDY,RWBEYONDY,-0.8,NBEYOND,0.000,0
frame_000211_d0_recorte_dezesseis.jpg,dezesseis,Otsu,RWBEYONDY,RWBEYONDY,-0.8,NBEYOND,0.000,0
frame_000212_d0_recorte_dezesseis.jpg,dezesseis,Otsu,RWBEYONDY,RWBEYONDY,-0.8,NBEYOND,0.000,0
frame_000213_d0_recorte_dezesseis.jpg,dezesseis,Otsu,RWBEYONDY,RWBEYONDY,-0.8,NBEYOND,0.000,0
frame_000214_d0_recorte_dezesseis.jpg,dezesseis,Otsu,AEYONDI,AEYONDI,-0.8,NBEYOND,0.000,0
frame_000215_d0_recorte_dezesseis.jpg,dezesseis,Otsu,AEYONDI,AEYONDI,-0.8,NBEYOND,0.000,0
frame_000216_d0_recorte_dezesseis.jpg,dezesseis,Otsu,AEYONDI,AEYONDI,-0.8,NBEYOND,0.000,0
frame_000217_d0_recorte_dezesseis.jpg,dezesseis,Otsu,AEYONDI,AEYONDI,-0.8,NBEYOND,0.000,0
frame_000218_d0_recorte_dezesseis.jpg,dezesseis,Otsu,AEYONDI,AEYONDI,-0.8,NBEYOND,0.000,0
frame_000219_d0_recorte_dezesseis.jpg,dezesseis,Otsu,AEYONDI,AEYONDI,-0.8,NBEYOND,0.000,0
frame_000220_d0_recorte_dezesseis.jpg,dezesseis,Otsu,AEYONDI,AEYONDI,-0.8,NBEYOND,0.000,0
frame_000221_d0_recorte_dezesseis.jpg,dezesseis,Otsu,AEYONDI,AEYONDI,-0.8,NBEYOND,0.000,0
frame_000222_d0_recorte_dezesseis.jpg,dezesseis,Otsu,AEYONDI,AEYONDI,-0.8,NBEYOND,0.000,0
frame_000223_d0_recorte_dezesseis.jpg,dezesseis,Otsu,AEYONDI,AEYONDI,-0.8,NBEYOND,0.000,0
frame_000224_d0_recorte_dezesseis.jpg,dezesseis,Otsu,AEYONDI,AEYONDI,-0.8,NBEYOND,0.000,0
frame_000225_d0_recorte_dezesseis.jpg,dezesseis,Otsu,JOYYODA,JOYYODA,-0.8,TOYYODA,0.857,0
frame_000226_d0_recorte_dezesseis.jpg,dezesseis,Otsu,JOYYODA,JOYYODA,-0.8,TOYYODA,0.857,0
frame_000227_d0_recorte_dezesseis.jpg,dezesseis,Otsu,JOYYODA,JOYYODA,-0.8,TOYYODA,0.857,0
frame_000228_d0_recorte_dezesseis.jpg,dezesseis,Otsu,JOYYODA,JOYYODA,-0.8,TOYYODA,0.857,0
frame_000229_d0_recorte_dezesseis.jpg,dezesseis,Otsu,JOYYODA,JOYYODA,-0.8,TOYYODA,0.857,0
frame_000230_d0_recorte_dezesseis.jpg,dezesseis,Otsu,JOYYODA,JOYYODA,-0.8,TOYYODA,0.857,0
frame_000231_d0_recorte_dezesseis.jpg,dezesseis,Otsu,JOYYODA,JOYYODA,-0.8,TOYYODA,0.857,0
frame_000232_d0_recorte_dezesseis.jpg,dezesseis,Otsu,JOYYODA,JOYYODA,-0.8,TOYYODA,0.857,0
frame_000233_d0_recorte_dezesseis.jpg,dezesseis,Otsu,JOYYODA,JOYYODA,-0.8,TOYYODA,0.857,0
frame_000234_d0_recorte_dezesseis.jpg,dezesseis,Otsu,JOYYODA,JOYYODA,-0.8,TOYYODA,0.857,0
frame_000235_d0_recorte_dezesseis.jpg,dezesseis,Otsu,JOYYODA,JOYYODA,-0.8,TOYYODA,0.857,0
frame_000236_d0_recorte_dezesseis.jpg,dezesseis,Otsu,JOYYODA,JOYYODA,-0.8,TOYYODA,0.857,0
frame_000237_d0_recorte_dezesseis.jpg,dezesseis,Otsu,JOYYODA,JOYYODA,-0.8,TOYYODA,0.857,0
frame_000238_d0_recorte_dezesseis.jpg,dezesseis,Otsu,JOYYODA,JOYYODA,-0.8,TOYYODA,0.857,0
frame_000239_d0_recorte_dezesseis.jpg,dezesseis,Otsu,JOYYODA,JOYYODA,-0.8,TOYYODA,0.857,0
frame_000240_d0_recorte_dezesseis.jpg,dezesseis,Otsu,JOYYODA,JOYYODA,-0.8,TOYYODA,0.857,0
frame_000241_d0_recorte_dezesseis.jpg,dezesseis,Otsu,JOYYODA,JOYYODA,-0.8,TOYYODA,0.857,0
frame_000242_d0_recorte_dezesseis.jpg,dezesseis,Otsu,JOYYODA,JOYYODA,-0.8,TOYYODA,0.857,0
frame_000243_d0_recorte_dezesseis.jpg,dezesseis,Otsu,JOYYODA,JOYYODA,-0.8,TOYYODA,0.857,0
frame_000244_d0_recorte_dezesseis.jpg,dezesseis,Otsu,ITNEED2P,ITNEED2P,-0.8,INEED2P,0.286,0
frame_000244_d1_recorte_dezesseis.jpg,dezesseis,Otsu,,,-1.0,INEED2P,0.000,0
frame_000245_d0_recorte_dezesseis.jpg,dezesseis,Otsu,ITNEED2P,ITNEED2P,-0.8,INEED2P,0.286,0
frame_000245_d1_recorte_dezesseis.jpg,dezesseis,Otsu,,,-1.0,INEED2P,0.000,0
frame_000246_d0_recorte_dezesseis.jpg,dezesseis,Otsu,ITNEED2P,ITNEED2P,-0.8,INEED2P,0.286,0
frame_000246_d1_recorte_dezesseis.jpg,dezesseis,Otsu,,,-1.0,INEED2P,0.000,0
frame_000247_d0_recorte_dezesseis.jpg,dezesseis,Otsu,ITNEED2P,ITNEED2P,-0.8,INEED2P,0.286,0
frame_000247_d1_recorte_dezesseis.jpg,dezesseis,Otsu,,,-1.0,INEED2P,0.000,0
frame_000248_d0_recorte_dezesseis.jpg,dezesseis,Otsu,ITNEED2P,ITNEED2P,-0.8,INEED2P,0.286,0
frame_000248_d1_recorte_dezesseis.jpg,dezesseis,Otsu,,,-1.0,INEED2P,0.000,0
frame_000249_d0_recorte_dezesseis.jpg,dezesseis,Otsu,ITNEED2P,ITNEED2P,-0.8,INEED2P,0.286,0
frame_000249_d1_recorte_dezesseis.jpg,dezesseis,Otsu,,,-1.0,INEED2P,0.000,0
frame_000250_d0_recorte_dezesseis.jpg,dezesseis,Otsu,ITNEED2P,ITNEED2P,-0.8,INEED2P,0.286,0
frame_000250_d1_recorte_dezesseis.jpg,dezesseis,Otsu,,,-1.0,INEED2P,0.000,0
frame_000251_d0_recorte_dezesseis.jpg,dezesseis,Otsu,ITNEED2P,ITNEED2P,-0.8,INEED2P,0.286,0
frame_000251_d1_recorte_dezesseis.jpg,dezesseis,Otsu,,,-1.0,INEED2P,0.000,0
frame_000252_d0_recorte_dezesseis.jpg,dezesseis,Otsu,ITNEED2P,ITNEED2P,-0.8,INEED2P,0.286,0
frame_000252_d1_recorte_dezesseis.jpg,dezesseis,Otsu,,,-1.0,INEED2P,0.000,0
frame_000253_d0_recorte_dezesseis.jpg,dezesseis,Otsu,ITNEED2P,ITNEED2P,-0.8,INEED2P,0.286,0
frame_000253_d1_recorte_dezesseis.jpg,dezesseis,Otsu,,,-1.0,INEED2P,0.000,0
frame_000254_d0_recorte_dezesseis.jpg,dezesseis,Otsu,ITNEED2P,ITNEED2P,-0.8,INEED2P,0.286,0
frame_000254_d1_recorte_dezesseis.jpg,dezesseis,Otsu,,,-1.0,INEED2P,0.000,0
frame_000255_d0_recorte_dezesseis.jpg,dezesseis,Otsu,ITNEED2P,ITNEED2P,-0.8,INEED2P,0.286,0
frame_000255_d1_recorte_dezesseis.jpg,dezesseis,Otsu,,,-1.0,INEED2P,0.000,0
frame_000256_d0_recorte_dezesseis.jpg,dezesseis,Otsu,ITNEED2P,ITNEED2P,-0.8,INEED2P,0.286,0
frame_000256_d1_recorte_dezesseis.jpg,dezesseis,Otsu,,,-1.0,INEED2P,0.000,0
frame_000257_d0_recorte_dezesseis.jpg,dezesseis,Otsu,ITNEED2P,ITNEED2P,-0.8,INEED2P,0.286,0
frame_000257_d1_recorte_dezesseis.jpg,dezesseis,Otsu,,,-1.0,INEED2P,0.000,0
frame_000258_d0_recorte_dezesseis.jpg,dezesseis,Otsu,ITNEED2P,ITNEED2P,-0.8,INEED2P,0.286,0
frame_000258_d1_recorte_dezesseis.jpg,dezesseis,Otsu,,,-1.0,INEED2P,0.000,0
frame_000259_d0_recorte_dezesseis.jpg,dezesseis,Otsu,1ORGBBRE,1ORGBBRE,-0.8,88B88BB,0.143,0
frame_000260_d0_recorte_dezesseis.jpg,dezesseis,Otsu,G,G,-0.8,88B88BB,0.000,0
frame_000261_d0_recorte_dezesseis.jpg,dezesseis,Otsu,G,G,-0.8,88B88BB,0.000,0
frame_000262_d0_recorte_dezesseis.jpg,dezesseis,Otsu,G,G,-0.8,88B88BB,0.000,0
frame_000263_d0_recorte_dezesseis.jpg,dezesseis,Otsu,G,G,-0.8,88B88BB,0.000,0
frame_000264_d0_recorte_dezesseis.jpg,dezesseis,Otsu,G,G,-0.8,88B88BB,0.000,0
frame_000265_d0_recorte_dezesseis.jpg,dezesseis,Otsu,G,G,-0.8,88B88BB,0.000,0
frame_000266_d0_recorte_dezesseis.jpg,dezesseis,Otsu,G,G,-0.8,88B88BB,0.000,0
frame_000267_d0_recorte_dezesseis.jpg,dezesseis,Otsu,OBGGBBR,OBGGBBR,-0.8,88B88BB,0.143,0
frame_000268_d0_recorte_dezesseis.jpg,dezesseis,Otsu,OBGGBBR,OBGGBBR,-0.8,88B88BB,0.143,0
frame_000269_d0_recorte_dezesseis.jpg,dezesseis,Otsu,OBGGBBR,OBGGBBR,-0.8,88B88BB,0.143,0
frame_000270_d0_recorte_dezesseis.jpg,dezesseis,Otsu,OBGGBBR,OBGGBBR,-0.8,88B88BB,0.143,0
frame_000271_d0_recorte_dezesseis.jpg,dezesseis,Otsu,OBGGBBR,OBGGBBR,-0.8,88B88BB,0.143,0
frame_000272_d0_recorte_dezesseis.jpg,dezesseis,Otsu,OBGGBBR,OBGGBBR,-0.8,88B88BB,0.143,0
frame_000273_d0_recorte_dezesseis.jpg,dezesseis,Otsu,OBGGBBR,OBGGBBR,-0.8,88B88BB,0.143,0
frame_000274_d0_recorte_dezesseis.jpg,dezesseis,Otsu,OBGGBBR,OBGGBBR,-0.8,88B88BB,0.143,0
frame_000275_d0_recorte_dezesseis.jpg,dezesseis,Otsu,OBGGBBR,OBGGBBR,-0.8,88B88BB,0.143,0
frame_000276_d0_recorte_dezesseis.jpg,dezesseis,Otsu,OBGGBBR,OBGGBBR,-0.8,88B88BB,0.143,0
frame_000277_d0_recorte_dezesseis.jpg,dezesseis,Otsu,OBGGBBR,OBGGBBR,-0.8,88B88BB,0.143,0
frame_000278_d0_recorte_dezesseis.jpg,dezesseis,Otsu,OBGGBBR,OBGGBBR,-0.8,88B88BB,0.143,0
frame_000279_d0_recorte_dezesseis.jpg,dezesseis,Otsu,OBGGBBR,OBGGBBR,-0.8,88B88BB,0.143,0
frame_000280_d0_recorte_dezesseis.jpg,dezesseis,Otsu,OBGGBBR,OBGGBBR,-0.8,88B88BB,0.143,0
frame_000281_d0_recorte_dezesseis.jpg,dezesseis,Otsu,OBGGBBR,OBGGBBR,-0.8,88B88BB,0.143,0
frame_000282_d0_recorte_dezesseis.jpg,dezesseis,Otsu,OBGGBBR,OBGGBBR,-0.8,88B88BB,0.143,0
frame_000283_d0_recorte_dezesseis.jpg,dezesseis,Otsu,OBGGBBR,OBGGBBR,-0.8,88B88BB,0.143,0
frame_000284_d0_recorte_dezesseis.jpg,dezesseis,Otsu,OBGGBBR,OBGGBBR,-0.8,88B88BB,0.143,0
frame_000285_d0_recorte_dezesseis.jpg,dezesseis,Otsu,OBGGBBR,OBGGBBR,-0.8,88B88BB,0.143,0
frame_000286_d0_recorte_dezesseis.jpg,dezesseis,Otsu,OBGGBBR,OBGGBBR,-0.8,88B88BB,0.143,0
frame_000287_d0_recorte_dezesseis.jpg,dezesseis,Otsu,OBGGBBR,OBGGBBR,-0.8,88B88BB,0.143,0
frame_000288_d0_recorte_dezesseis.jpg,dezesseis,Otsu,OBGGBBR,OBGGBBR,-0.8,88B88BB,0.143,0
frame_000289_d0_recorte_dezesseis.jpg,dezesseis,Otsu,OBGGBBR,OBGGBBR,-0.8,88B88BB,0.143,0
frame_000290_d0_recorte_dezesseis.jpg,dezesseis,Otsu,OBGGBBR,OBGGBBR,-0.8,88B88BB,0.143,0
frame_000291_d0_recorte_dezesseis.jpg,dezesseis,Otsu,OBGGBBR,OBGGBBR,-0.8,88B88BB,0.143,0
frame_000292_d0_recorte_dezesseis.jpg,dezesseis,Otsu,OBGGBBR,OBGGBBR,-0.8,88B88BB,0.143,0
frame_000293_d0_recorte_dezesseis.jpg,dezesseis,Otsu,OBGGBBR,OBGGBBR,-0.8,88B88BB,0.143,0
frame_000294_d0_recorte_dezesseis.jpg,dezesseis,Otsu,OBGGBBR,OBGGBBR,-0.8,88B88BB,0.143,0
frame_000295_d0_recorte_dezesseis.jpg,dezesseis,Otsu,4ABG0BBR,4ABG0BBR,-0.8,88B88BB,0.429,0
frame_000296_d0_recorte_dezesseis.jpg,dezesseis,Otsu,OBGGBBR,OBGGBBR,-0.8,88B88BB,0.143,0
frame_000297_d0_recorte_dezesseis.jpg,dezesseis,Otsu,OBGGBBR,OBGGBBR,-0.8,88B88BB,0.143,0
frame_000298_d0_recorte_dezesseis.jpg,dezesseis,Otsu,OBGGBBR,OBGGBBR,-0.8,88B88BB,0.143,0
frame_000299_d0_recorte_dezesseis.jpg,dezesseis,Otsu,OBGGBBR,OBGGBBR,-0.8,88B88BB,0.143,0
frame_000300_d0_recorte_dezesseis.jpg,dezesseis,Otsu,OBGGBBR,OBGGBBR,-0.8,88B88BB,0.143,0
frame_000301_d0_recorte_dezesseis.jpg,dezesseis,Otsu,OBGGBBR,OBGGBBR,-0.8,88B88BB,0.143,0
frame_000302_d0_recorte_dezesseis.jpg,dezesseis,Otsu,OBGGBBR,OBGGBBR,-0.8,88B88BB,0.143,0
frame_000303_d0_recorte_dezesseis.jpg,dezesseis,Otsu,OBGGBBR,OBGGBBR,-0.8,88B88BB,0.143,0
frame_000304_d0_recorte_dezesseis.jpg,dezesseis,Otsu,OBGGBBR,OBGGBBR,-0.8,88B88BB,0.143,0
frame_000305_d0_recorte_dezesseis.jpg,dezesseis,Otsu,OBGGBBR,OBGGBBR,-0.8,88B88BB,0.143,0
frame_000306_d0_recorte_dezesseis.jpg,dezesseis,Otsu,OBGGBBR,OBGGBBR,-0.8,88B88BB,0.143,0
frame_000307_d0_recorte_dezesseis.jpg,dezesseis,Otsu,OBGGBBR,OBGGBBR,-0.8,88B88BB,0.143,0
frame_000000_d0_recorte_dezesseis.jpg,dezesseis,Adapt,IIHONDUH,IIHONDUH,-0.8,HONDUH,0.000,0
frame_000001_d0_recorte_dezesseis.jpg,dezesseis,Adapt,IHONDUH,IHONDUH,-0.8,HONDUH,0.000,0
frame_000002_d0_recorte_dezesseis.jpg,dezesseis,Adapt,IHONDUH,IHONDUH,-0.8,HONDUH,0.000,0
frame_000003_d0_recorte_dezesseis.jpg,dezesseis,Adapt,IHONDUH,IHONDUH,-0.8,HONDUH,0.000,0
frame_000004_d0_recorte_dezesseis.jpg,dezesseis,Adapt,IHONDUH,IHONDUH,-0.8,HONDUH,0.000,0
frame_000005_d0_recorte_dezesseis.jpg,dezesseis,Adapt,IHONDUH,IHONDUH,-0.8,HONDUH,0.000,0
frame_000006_d0_recorte_dezesseis.jpg,dezesseis,Adapt,IHONDUH,IHONDUH,-0.8,HONDUH,0.000,0
frame_000007_d0_recorte_dezesseis.jpg,dezesseis,Adapt,IHONDUH,IHONDUH,-0.8,HONDUH,0.000,0
frame_000008_d0_recorte_dezesseis.jpg,dezesseis,Adapt,IHONDUH,IHONDUH,-0.8,HONDUH,0.000,0
frame_000009_d0_recorte_dezesseis.jpg,dezesseis,Adapt,IHONDUH,IHONDUH,-0.8,HONDUH,0.000,0
frame_000010_d0_recorte_dezesseis.jpg,dezesseis,Adapt,IHONDUH,IHONDUH,-0.8,HONDUH,0.000,0
frame_000011_d0_recorte_dezesseis.jpg,dezesseis,Adapt,IHONDUH,IHONDUH,-0.8,HONDUH,0.000,0
frame_000012_d0_recorte_dezesseis.jpg,dezesseis,Adapt,IHONDUH,IHONDUH,-0.8,HONDUH,0.000,0
frame_000013_d0_recorte_dezesseis.jpg,dezesseis,Adapt,IHONDUH,IHONDUH,-0.8,HONDUH,0.000,0
frame_000014_d0_recorte_dezesseis.jpg,dezesseis,Adapt,IHONDUH,IHONDUH,-0.8,HONDUH,0.000,0
frame_000015_d0_recorte_dezesseis.jpg,dezesseis,Adapt,IHONDUH,IHONDUH,-0.8,HONDUH,0.000,0
frame_000016_d0_recorte_dezesseis.jpg,dezesseis,Adapt,IHONDUH,IHONDUH,-0.8,HONDUH,0.000,0
frame_000017_d0_recorte_dezesseis.jpg,dezesseis,Adapt,IHONDUH,IHONDUH,-0.8,HONDUH,0.000,0
frame_000018_d0_recorte_dezesseis.jpg,dezesseis,Adapt,IHONDUH,IHONDUH,-0.8,HONDUH,0.000,0
frame_000019_d0_recorte_dezesseis.jpg,dezesseis,Adapt,IHONDUH,IHONDUH,-0.8,HONDUH,0.000,0
frame_000021_d0_recorte_dezesseis.jpg,dezesseis,Adapt,TIHELESS,TIHELESS,-0.8,TIMELESS,0.875,0
frame_000022_d0_recorte_dezesseis.jpg,dezesseis,Adapt,TELES,TELES,-0.8,TIMELESS,0.250,0
frame_000023_d0_recorte_dezesseis.jpg,dezesseis,Adapt,TELES,TELES,-0.8,TIMELESS,0.250,0
frame_000024_d0_recorte_dezesseis.jpg,dezesseis,Adapt,TELES,TELES,-0.8,TIMELESS,0.250,0
frame_000025_d0_recorte_dezesseis.jpg,dezesseis,Adapt,TELES,TELES,-0.8,TIMELESS,0.250,0
frame_000026_d0_recorte_dezesseis.jpg,dezesseis,Adapt,TELES,TELES,-0.8,TIMELESS,0.250,0
frame_000027_d0_recorte_dezesseis.jpg,dezesseis,Adapt,TELES,TELES,-0.8,TIMELESS,0.250,0
frame_000028_d0_recorte_dezesseis.jpg,dezesseis,Adapt,TELES,TELES,-0.8,TIMELESS,0.250,0
frame_000029_d0_recorte_dezesseis.jpg,dezesseis,Adapt,TELES,TELES,-0.8,TIMELESS,0.250,0
frame_000030_d0_recorte_dezesseis.jpg,dezesseis,Adapt,TELES,TELES,-0.8,TIMELESS,0.250,0
frame_000031_d0_recorte_dezesseis.jpg,dezesseis,Adapt,TELES,TELES,-0.8,TIMELESS,0.250,0
frame_000032_d0_recorte_dezesseis.jpg,dezesseis,Adapt,TELES,TELES,-0.8,TIMELESS,0.250,0
frame_000033_d0_recorte_dezesseis.jpg,dezesseis,Adapt,TELES,TELES,-0.8,TIMELESS,0.250,0
frame_000034_d0_recorte_dezesseis.jpg,dezesseis,Adapt,TELES,TELES,-0.8,TIMELESS,0.250,0
frame_000035_d0_recorte_dezesseis.jpg,dezesseis,Adapt,TELES,TELES,-0.8,TIMELESS,0.250,0
frame_000036_d0_recorte_dezesseis.jpg,dezesseis,Adapt,TELES,TELES,-0.8,TIMELESS,0.250,0
frame_000037_d0_recorte_dezesseis.jpg,dezesseis,Adapt,TELES,TELES,-0.8,TIMELESS,0.250,0
frame_000038_d0_recorte_dezesseis.jpg,dezesseis,Adapt,TELES,TELES,-0.8,TIMELESS,0.250,0
frame_000039_d0_recorte_dezesseis.jpg,dezesseis,Adapt,TELES,TELES,-0.8,TIMELESS,0.250,0
frame_000040_d0_recorte_dezesseis.jpg,dezesseis,Adapt,TELES,TELES,-0.8,TIMELESS,0.250,0
frame_000041_d0_recorte_dezesseis.jpg,dezesseis,Adapt,TELES,TELES,-0.8,TIMELESS,0.250,0
frame_000042_d0_recorte_dezesseis.jpg,dezesseis,Adapt,TELES,TELES,-0.8,TIMELESS,0.250,0
frame_000043_d0_recorte_dezesseis.jpg,dezesseis,Adapt,EEWHBUG,EEWHBUG,-0.8,EEWABUG,0.857,0
frame_000044_d0_recorte_dezesseis.jpg,dezesseis,Adapt,EEWHBUG,EEWHBUG,-0.8,EEWABUG,0.857,0
frame_000045_d0_recorte_dezesseis.jpg,dezesseis,Adapt,EEWHBUG,EEWHBUG,-0.8,EEWABUG,0.857,0
frame_000046_d0_recorte_dezesseis.jpg,dezesseis,Adapt,EEWHBUG,EEWHBUG,-0.8,EEWABUG,0.857,0
frame_000047_d0_recorte_dezesseis.jpg,dezesseis,Adapt,EEWHBUG,EEWHBUG,-0.8,EEWABUG,0.857,0
frame_000048_d0_recorte_dezesseis.jpg,dezesseis,Adapt,EEWHBUG,EEWHBUG,-0.8,EEWABUG,0.857,0
frame_000049_d0_recorte_dezesseis.jpg,dezesseis,Adapt,EEWHBUG,EEWHBUG,-0.8,EEWABUG,0.857,0
frame_000050_d0_recorte_dezesseis.jpg,dezesseis,Adapt,EEWHBUG,EEWHBUG,-0.8,EEWABUG,0.857,0
frame_000051_d0_recorte_dezesseis.jpg,dezesseis,Adapt,EEWHBUG,EEWHBUG,-0.8,EEWABUG,0.857,0
frame_000052_d0_recorte_dezesseis.jpg,dezesseis,Adapt,EEWHBUG,EEWHBUG,-0.8,EEWABUG,0.857,0
frame_000053_d0_recorte_dezesseis.jpg,dezesseis,Adapt,EEWHBUG,EEWHBUG,-0.8,EEWABUG,0.857,0
frame_000054_d0_recorte_dezesseis.jpg,dezesseis,Adapt,EEWABUG,EEWABUG,-0.8,EEWABUG,1.000,1
frame_000055_d0_recorte_dezesseis.jpg,dezesseis,Adapt,EEWABUG,EEWABUG,-0.8,EEWABUG,1.000,1
frame_000056_d0_recorte_dezesseis.jpg,dezesseis,Adapt,EEWABUG,EEWABUG,-0.8,EEWABUG,1.000,1
frame_000057_d0_recorte_dezesseis.jpg,dezesseis,Adapt,EEWABUG,EEWABUG,-0.8,EEWABUG,1.000,1
frame_000058_d0_recorte_dezesseis.jpg,dezesseis,Adapt,EEWABUG,EEWABUG,-0.8,EEWABUG,1.000,1
frame_000059_d0_recorte_dezesseis.jpg,dezesseis,Adapt,EEWABUG,EEWABUG,-0.8,EEWABUG,1.000,1
frame_000060_d0_recorte_dezesseis.jpg,dezesseis,Adapt,EEWABUG,EEWABUG,-0.8,EEWABUG,1.000,1
frame_000061_d0_recorte_dezesseis.jpg,dezesseis,Adapt,PIKACHU,PIKACHU,-0.8,PIKACHU,1.000,1
frame_000062_d0_recorte_dezesseis.jpg,dezesseis,Adapt,PIKACHU,PIKACHU,-0.8,PIKACHU,1.000,1
frame_000063_d0_recorte_dezesseis.jpg,dezesseis,Adapt,PIKACHU,PIKACHU,-0.8,PIKACHU,1.000,1
frame_000064_d0_recorte_dezesseis.jpg,dezesseis,Adapt,PIKACHU,PIKACHU,-0.8,PIKACHU,1.000,1
frame_000065_d0_recorte_dezesseis.jpg,dezesseis,Adapt,PIKACHU,PIKACHU,-0.8,PIKACHU,1.000,1
frame_000066_d0_recorte_dezesseis.jpg,dezesseis,Adapt,PIKACHU,PIKACHU,-0.8,PIKACHU,1.000,1
frame_000067_d0_recorte_dezesseis.jpg,dezesseis,Adapt,PIKACHU,PIKACHU,-0.8,PIKACHU,1.000,1
frame_000068_d0_recorte_dezesseis.jpg,dezesseis,Adapt,PIKACHU,PIKACHU,-0.8,PIKACHU,1.000,1
frame_000069_d0_recorte_dezesseis.jpg,dezesseis,Adapt,PIKACHU,PIKACHU,-0.8,PIKACHU,1.000,1
frame_000070_d0_recorte_dezesseis.jpg,dezesseis,Adapt,PIKACHU,PIKACHU,-0.8,PIKACHU,1.000,1
frame_000071_d0_recorte_dezesseis.jpg,dezesseis,Adapt,PIKACHU,PIKACHU,-0.8,PIKACHU,1.000,1
frame_000072_d0_recorte_dezesseis.jpg,dezesseis,Adapt,PIKACHU,PIKACHU,-0.8,PIKACHU,1.000,1
frame_000073_d0_recorte_dezesseis.jpg,dezesseis,Adapt,PIKACHU,PIKACHU,-0.8,PIKACHU,1.000,1
frame_000074_d0_recorte_dezesseis.jpg,dezesseis,Adapt,PIKACHU,PIKACHU,-0.8,PIKACHU,1.000,1
frame_000075_d0_recorte_dezesseis.jpg,dezesseis,Adapt,PIKACHU,PIKACHU,-0.8,PIKACHU,1.000,1
frame_000076_d0_recorte_dezesseis.jpg,dezesseis,Adapt,PIKACHU,PIKACHU,-0.8,PIKACHU,1.000,1
frame_000077_d0_recorte_dezesseis.jpg,dezesseis,Adapt,PIKACHU,PIKACHU,-0.8,PIKACHU,1.000,1
frame_000078_d0_recorte_dezesseis.jpg,dezesseis,Adapt,PIKACHU,PIKACHU,-0.8,PIKACHU,1.000,1
frame_000079_d0_recorte_dezesseis.jpg,dezesseis,Adapt,PIKACHU,PIKACHU,-0.8,PIKACHU,1.000,1
frame_000080_d0_recorte_dezesseis.jpg,dezesseis,Adapt,P,P,-0.8,OHIFIT,0.000,0
frame_000081_d0_recorte_dezesseis.jpg,dezesseis,Adapt,P,P,-0.8,OHIFIT,0.000,0
frame_000082_d0_recorte_dezesseis.jpg,dezesseis,Adapt,P,P,-0.8,OHIFIT,0.000,0
frame_000083_d0_recorte_dezesseis.jpg,dezesseis,Adapt,P,P,-0.8,OHIFIT,0.000,0
frame_000084_d0_recorte_dezesseis.jpg,dezesseis,Adapt,P,P,-0.8,OHIFIT,0.000,0
frame_000085_d0_recorte_dezesseis.jpg,dezesseis,Adapt,P,P,-0.8,OHIFIT,0.000,0
frame_000086_d0_recorte_dezesseis.jpg,dezesseis,Adapt,P,P,-0.8,OHIFIT,0.000,0
frame_000087_d0_recorte_dezesseis.jpg,dezesseis,Adapt,P,P,-0.8,OHIFIT,0.000,0
frame_000088_d0_recorte_dezesseis.jpg,dezesseis,Adapt,P,P,-0.8,OHIFIT,0.000,0
frame_000089_d0_recorte_dezesseis.jpg,dezesseis,Adapt,P,P,-0.8,OHIFIT,0.000,0
frame_000090_d0_recorte_dezesseis.jpg,dezesseis,Adapt,P,P,-0.8,OHIFIT,0.000,0
frame_000091_d0_recorte_dezesseis.jpg,dezesseis,Adapt,P,P,-0.8,OHIFIT,0.000,0
frame_000092_d0_recorte_dezesseis.jpg,dezesseis,Adapt,P,P,-0.8,OHIFIT,0.000,0
frame_000093_d0_recorte_dezesseis.jpg,dezesseis,Adapt,P,P,-0.8,OHIFIT,0.000,0
frame_000094_d0_recorte_dezesseis.jpg,dezesseis,Adapt,P,P,-0.8,OHIFIT,0.000,0
frame_000095_d0_recorte_dezesseis.jpg,dezesseis,Adapt,P,P,-0.8,OHIFIT,0.000,0
frame_000096_d0_recorte_dezesseis.jpg,dezesseis,Adapt,P,P,-0.8,OHIFIT,0.000,0
frame_000097_d0_recorte_dezesseis.jpg,dezesseis,Adapt,P,P,-0.8,OHIFIT,0.000,0
frame_000098_d0_recorte_dezesseis.jpg,dezesseis,Adapt,P,P,-0.8,OHIFIT,0.000,0
frame_000099_d0_recorte_dezesseis.jpg,dezesseis,Adapt,P,P,-0.8,OHIFIT,0.000,0
frame_000100_d0_recorte_dezesseis.jpg,dezesseis,Adapt,P,P,-0.8,OHIFIT,0.000,0
frame_000101_d0_recorte_dezesseis.jpg,dezesseis,Adapt,BME,BME,3.0,EWGAS,0.000,0
frame_000102_d0_recorte_dezesseis.jpg,dezesseis,Adapt,TT,TT,-0.8,EWGAS,0.000,0
frame_000103_d0_recorte_dezesseis.jpg,dezesseis,Adapt,TT,TT,-0.8,EWGAS,0.000,0
frame_000104_d0_recorte_dezesseis.jpg,dezesseis,Adapt,TT,TT,-0.8,EWGAS,0.000,0
frame_000105_d0_recorte_dezesseis.jpg,dezesseis,Adapt,TT,TT,-0.8,EWGAS,0.000,0
frame_000106_d0_recorte_dezesseis.jpg,dezesseis,Adapt,TT,TT,-0.8,EWGAS,0.000,0
frame_000107_d0_recorte_dezesseis.jpg,dezesseis,Adapt,MES,MES,1.8,EWGAS,0.000,0
frame_000108_d0_recorte_dezesseis.jpg,dezesseis,Adapt,MES,MES,1.8,EWGAS,0.000,0
frame_000109_d0_recorte_dezesseis.jpg,dezesseis,Adapt,MES,MES,1.8,EWGAS,0.000,0
frame_000110_d0_recorte_dezesseis.jpg,dezesseis,Adapt,MES,MES,1.8,EWGAS,0.000,0
frame_000111_d0_recorte_dezesseis.jpg,dezesseis,Adapt,MES,MES,1.8,EWGAS,0.000,0
frame_000112_d0_recorte_dezesseis.jpg,dezesseis,Adapt,MES,MES,1.8,EWGAS,0.000,0
frame_000113_d0_recorte_dezesseis.jpg,dezesseis,Adapt,MES,MES,1.8,EWGAS,0.000,0
frame_000114_d0_recorte_dezesseis.jpg,dezesseis,Adapt,MES,MES,1.8,EWGAS,0.000,0
frame_000115_d0_recorte_dezesseis.jpg,dezesseis,Adapt,MES,MES,1.8,EWGAS,0.000,0
frame_000116_d0_recorte_dezesseis.jpg,dezesseis,Adapt,MES,MES,1.8,EWGAS,0.000,0
frame_000117_d0_recorte_dezesseis.jpg,dezesseis,Adapt,MES,MES,1.8,EWGAS,0.000,0
frame_000118_d0_recorte_dezesseis.jpg,dezesseis,Adapt,OFZELDA,OFZELDA,-0.8,OFZELDA,1.000,1
frame_000119_d0_recorte_dezesseis.jpg,dezesseis,Adapt,OFZELDA,OFZELDA,-0.8,OFZELDA,1.000,1
frame_000120_d0_recorte_dezesseis.jpg,dezesseis,Adapt,OFZELDA,OFZELDA,-0.8,OFZELDA,1.000,1
frame_000121_d0_recorte_dezesseis.jpg,dezesseis,Adapt,OFZELDA,OFZELDA,-0.8,OFZELDA,1.000,1
frame_000122_d0_recorte_dezesseis.jpg,dezesseis,Adapt,OFZELDA,OFZELDA,-0.8,OFZELDA,1.000,1
frame_000123_d0_recorte_dezesseis.jpg,dezesseis,Adapt,OFZELDA,OFZELDA,-0.8,OFZELDA,1.000,1
frame_000124_d0_recorte_dezesseis.jpg,dezesseis,Adapt,OFZELDA,OFZELDA,-0.8,OFZELDA,1.000,1
frame_000125_d0_recorte_dezesseis.jpg,dezesseis,Adapt,OFZELDA,OFZELDA,-0.8,OFZELDA,1.000,1
frame_000126_d0_recorte_dezesseis.jpg,dezesseis,Adapt,OFZELDA,OFZELDA,-0.8,OFZELDA,1.000,1
frame_000127_d0_recorte_dezesseis.jpg,dezesseis,Adapt,OFZELDA,OFZELDA,-0.8,OFZELDA,1.000,1
frame_000128_d0_recorte_dezesseis.jpg,dezesseis,Adapt,OFZELDA,OFZELDA,-0.8,OFZELDA,1.000,1
frame_000129_d0_recorte_dezesseis.jpg,dezesseis,Adapt,OFZELDA,OFZELDA,-0.8,OFZELDA,1.000,1
frame_000130_d0_recorte_dezesseis.jpg,dezesseis,Adapt,OFZELDA,OFZELDA,-0.8,OFZELDA,1.000,1
frame_000131_d0_recorte_dezesseis.jpg,dezesseis,Adapt,OFZELDA,OFZELDA,-0.8,OFZELDA,1.000,1
frame_000132_d0_recorte_dezesseis.jpg,dezesseis,Adapt,OFZELDA,OFZELDA,-0.8,OFZELDA,1.000,1
frame_000133_d0_recorte_dezesseis.jpg,dezesseis,Adapt,OFZELDA,OFZELDA,-0.8,OFZELDA,1.000,1
frame_000134_d0_recorte_dezesseis.jpg,dezesseis,Adapt,OFZELDA,OFZELDA,-0.8,OFZELDA,1.000,1
frame_000135_d0_recorte_dezesseis.jpg,dezesseis,Adapt,OFZELDA,OFZELDA,-0.8,OFZELDA,1.000,1
frame_000136_d0_recorte_dezesseis.jpg,dezesseis,Adapt,OFZELDA,OFZELDA,-0.8,OFZELDA,1.000,1
frame_000137_d0_recorte_dezesseis.jpg,dezesseis,Adapt,OFZELDA,OFZELDA,-0.8,OFZELDA,1.000,1
frame_000138_d0_recorte_dezesseis.jpg,dezesseis,Adapt,OFZELDA,OFZELDA,-0.8,OFZELDA,1.000,1
frame_000139_d0_recorte_dezesseis.jpg,dezesseis,Adapt,OFZELDA,OFZELDA,-0.8,OFZELDA,1.000,1
frame_000140_d0_recorte_dezesseis.jpg,dezesseis,Adapt,OFZELDA,OFZELDA,-0.8,OFZELDA,1.000,1
frame_000141_d0_recorte_dezesseis.jpg,dezesseis,Adapt,OFZELDA,OFZELDA,-0.8,OFZELDA,1.000,1
frame_000142_d0_recorte_dezesseis.jpg,dezesseis,Adapt,OFZELDA,OFZELDA,-0.8,OFZELDA,1.000,1
frame_000143_d0_recorte_dezesseis.jpg,dezesseis,Adapt,OFZELDA,OFZELDA,-0.8,OFZELDA,1.000,1
frame_000144_d0_recorte_dezesseis.jpg,dezesseis,Adapt,OFZELDA,OFZELDA,-0.8,OFZELDA,1.000,1
frame_000145_d0_recorte_dezesseis.jpg,dezesseis,Adapt,OFZELDA,OFZELDA,-0.8,OFZELDA,1.000,1
frame_000146_d0_recorte_dezesseis.jpg,dezesseis,Adapt,JBVE401K,JBVE401K,-0.8,BYE4O1K,0.000,0
frame_000147_d0_recorte_dezesseis.jpg,dezesseis,Adapt,JBVE401K,JBVE401K,-0.8,BYE4O1K,0.000,0
frame_000148_d0_recorte_dezesseis.jpg,dezesseis,Adapt,JBVE401K,JBVE401K,-0.8,BYE4O1K,0.000,0
frame_000149_d0_recorte_dezesseis.jpg,dezesseis,Adapt,JBVE401K,JBVE401K,-0.8,BYE4O1K,0.000,0
frame_000150_d0_recorte_dezesseis.jpg,dezesseis,Adapt,JBVE401K,JBVE401K,-0.8,BYE4O1K,0.000,0
frame_000151_d0_recorte_dezesseis.jpg,dezesseis,Adapt,JBVE401K,JBVE401K,-0.8,BYE4O1K,0.000,0
frame_000152_d0_recorte_dezesseis.jpg,dezesseis,Adapt,JBVE401K,JBVE401K,-0.8,BYE4O1K,0.000,0
frame_000153_d0_recorte_dezesseis.jpg,dezesseis,Adapt,JBVE401K,JBVE401K,-0.8,BYE4O1K,0.000,0
frame_000154_d0_recorte_dezesseis.jpg,dezesseis,Adapt,JBVE401K,JBVE401K,-0.8,BYE4O1K,0.000,0
frame_000155_d0_recorte_dezesseis.jpg,dezesseis,Adapt,JBVE401K,JBVE401K,-0.8,BYE4O1K,0.000,0
frame_000156_d0_recorte_dezesseis.jpg,dezesseis,Adapt,JBVE401K,JBVE401K,-0.8,BYE4O1K,0.000,0
frame_000157_d0_recorte_dezesseis.jpg,dezesseis,Adapt,JBVE401K,JBVE401K,-0.8,BYE4O1K,0.000,0
frame_000158_d0_recorte_dezesseis.jpg,dezesseis,Adapt,JBVE401K,JBVE401K,-0.8,BYE4O1K,0.000,0
frame_000159_d0_recorte_dezesseis.jpg,dezesseis,Adapt,JBVE401K,JBVE401K,-0.8,BYE4O1K,0.000,0
frame_000160_d0_recorte_dezesseis.jpg,dezesseis,Adapt,BVE401KG,BVE401KG,-0.8,BYE4O1K,0.714,0
frame_000161_d0_recorte_dezesseis.jpg,dezesseis,Adapt,RUAHAHA,RUAHAHA,-0.8,MUAHAHA,0.857,0
frame_000162_d0_recorte_dezesseis.jpg,dezesseis,Adapt,RUAHAHA,RUAHAHA,-0.8,MUAHAHA,0.857,0
frame_000163_d0_recorte_dezesseis.jpg,dezesseis,Adapt,RUAHAHA,RUAHAHA,-0.8,MUAHAHA,0.857,0
frame_000164_d0_recorte_dezesseis.jpg,dezesseis,Adapt,RUAHAHA,RUAHAHA,-0.8,MUAHAHA,0.857,0
frame_000165_d0_recorte_dezesseis.jpg,dezesseis,Adapt,RUAHAHA,RUAHAHA,-0.8,MUAHAHA,0.857,0
frame_000166_d0_recorte_dezesseis.jpg,dezesseis,Adapt,RUAHAHA,RUAHAHA,-0.8,MUAHAHA,0.857,0
frame_000167_d0_recorte_dezesseis.jpg,dezesseis,Adapt,RUAHAHA,RUAHAHA,-0.8,MUAHAHA,0.857,0
frame_000168_d0_recorte_dezesseis.jpg,dezesseis,Adapt,RUAHAHA,RUAHAHA,-0.8,MUAHAHA,0.857,0
frame_000169_d0_recorte_dezesseis.jpg,dezesseis,Adapt,RUAHAHA,RUAHAHA,-0.8,MUAHAHA,0.857,0
frame_000170_d0_recorte_dezesseis.jpg,dezesseis,Adapt,RUAHAHA,RUAHAHA,-0.8,MUAHAHA,0.857,0
frame_000171_d0_recorte_dezesseis.jpg,dezesseis,Adapt,RUAHAHA,RUAHAHA,-0.8,MUAHAHA,0.857,0
frame_000172_d0_recorte_dezesseis.jpg,dezesseis,Adapt,RUAHAHA,RUAHAHA,-0.8,MUAHAHA,0.857,0
frame_000173_d0_recorte_dezesseis.jpg,dezesseis,Adapt,RUAHAHA,RUAHAHA,-0.8,MUAHAHA,0.857,0
frame_000174_d0_recorte_dezesseis.jpg,dezesseis,Adapt,RUAHAHA,RUAHAHA,-0.8,MUAHAHA,0.857,0
frame_000175_d0_recorte_dezesseis.jpg,dezesseis,Adapt,RUAHAHA,RUAHAHA,-0.8,MUAHAHA,0.857,0
frame_000176_d0_recorte_dezesseis.jpg,dezesseis,Adapt,RUAHAHA,RUAHAHA,-0.8,MUAHAHA,0.857,0
frame_000177_d0_recorte_dezesseis.jpg,dezesseis,Adapt,RUAHAHA,RUAHAHA,-0.8,MUAHAHA,0.857,0
frame_000178_d0_recorte_dezesseis.jpg,dezesseis,Adapt,RUAHAHA,RUAHAHA,-0.8,MUAHAHA,0.857,0
frame_000179_d0_recorte_dezesseis.jpg,dezesseis,Adapt,RUAHAHA,RUAHAHA,-0.8,MUAHAHA,0.857,0
frame_000180_d0_recorte_dezesseis.jpg,dezesseis,Adapt,RUAHAHA,RUAHAHA,-0.8,MUAHAHA,0.857,0
frame_000181_d0_recorte_dezesseis.jpg,dezesseis,Adapt,RUAHAHA,RUAHAHA,-0.8,MUAHAHA,0.857,0
frame_000182_d0_recorte_dezesseis.jpg,dezesseis,Adapt,RUAHAHA,RUAHAHA,-0.8,MUAHAHA,0.857,0
frame_000183_d0_recorte_dezesseis.jpg,dezesseis,Adapt,RUAHAHA,RUAHAHA,-0.8,MUAHAHA,0.857,0
frame_000184_d0_recorte_dezesseis.jpg,dezesseis,Adapt,0RTNE,0RTNE,-0.8,ORINNIE,0.286,0
frame_000185_d0_recorte_dezesseis.jpg,dezesseis,Adapt,0RTNE,0RTNE,-0.8,ORINNIE,0.286,0
frame_000186_d0_recorte_dezesseis.jpg,dezesseis,Adapt,0RTNE,0RTNE,-0.8,ORINNIE,0.286,0
frame_000187_d0_recorte_dezesseis.jpg,dezesseis,Adapt,0RTNE,0RTNE,-0.8,ORINNIE,0.286,0
frame_000188_d0_recorte_dezesseis.jpg,dezesseis,Adapt,0RTNE,0RTNE,-0.8,ORINNIE,0.286,0
frame_000189_d0_recorte_dezesseis.jpg,dezesseis,Adapt,0RTNE,0RTNE,-0.8,ORINNIE,0.286,0
frame_000190_d0_recorte_dezesseis.jpg,dezesseis,Adapt,0RTNE,0RTNE,-0.8,ORINNIE,0.286,0
frame_000191_d0_recorte_dezesseis.jpg,dezesseis,Adapt,0RTNE,0RTNE,-0.8,ORINNIE,0.286,0
frame_000192_d0_recorte_dezesseis.jpg,dezesseis,Adapt,0RTNE,0RTNE,-0.8,ORINNIE,0.286,0
frame_000193_d0_recorte_dezesseis.jpg,dezesseis,Adapt,0RTNE,0RTNE,-0.8,ORINNIE,0.286,0
frame_000194_d0_recorte_dezesseis.jpg,dezesseis,Adapt,0RTNE,0RTNE,-0.8,ORINNIE,0.286,0
frame_000195_d0_recorte_dezesseis.jpg,dezesseis,Adapt,0RTNE,0RTNE,-0.8,ORINNIE,0.286,0
frame_000196_d0_recorte_dezesseis.jpg,dezesseis,Adapt,0RTNE,0RTNE,-0.8,ORINNIE,0.286,0
frame_000197_d0_recorte_dezesseis.jpg,dezesseis,Adapt,0RTNE,0RTNE,-0.8,ORINNIE,0.286,0
frame_000198_d0_recorte_dezesseis.jpg,dezesseis,Adapt,0RTNE,0RTNE,-0.8,ORINNIE,0.286,0
frame_000199_d0_recorte_dezesseis.jpg,dezesseis,Adapt,0RTNE,0RTNE,-0.8,ORINNIE,0.286,0
frame_000200_d0_recorte_dezesseis.jpg,dezesseis,Adapt,0RTNE,0RTNE,-0.8,ORINNIE,0.286,0
frame_000201_d0_recorte_dezesseis.jpg,dezesseis,Adapt,0RTNE,0RTNE,-0.8,ORINNIE,0.286,0
frame_000202_d0_recorte_dezesseis.jpg,dezesseis,Adapt,0RTNE,0RTNE,-0.8,ORINNIE,0.286,0
frame_000203_d0_recorte_dezesseis.jpg,dezesseis,Adapt,FNBEYOND,FNBEYOND,-0.8,NBEYOND,0.000,0
frame_000204_d0_recorte_dezesseis.jpg,dezesseis,Adapt,FNBEYOND,FNBEYOND,-0.8,NBEYOND,0.000,0
frame_000205_d0_recorte_dezesseis.jpg,dezesseis,Adapt,FNBEYOND,FNBEYOND,-0.8,NBEYOND,0.000,0
frame_000206_d0_recorte_dezesseis.jpg,dezesseis,Adapt,FNBEYOND,FNBEYOND,-0.8,NBEYOND,0.000,0
frame_000207_d0_recorte_dezesseis.jpg,dezesseis,Adapt,FNBEYOND,FNBEYOND,-0.8,NBEYOND,0.000,0
frame_000208_d0_recorte_dezesseis.jpg,dezesseis,Adapt,FNBEYOND,FNBEYOND,-0.8,NBEYOND,0.000,0
frame_000209_d0_recorte_dezesseis.jpg,dezesseis,Adapt,FNBEYOND,FNBEYOND,-0.8,NBEYOND,0.000,0
frame_000210_d0_recorte_dezesseis.jpg,dezesseis,Adapt,FNBEYOND,FNBEYOND,-0.8,NBEYOND,0.000,0
frame_000211_d0_recorte_dezesseis.jpg,dezesseis,Adapt,FNBEYOND,FNBEYOND,-0.8,NBEYOND,0.000,0
frame_000212_d0_recorte_dezesseis.jpg,dezesseis,Adapt,FNBEYOND,FNBEYOND,-0.8,NBEYOND,0.000,0
frame_000213_d0_recorte_dezesseis.jpg,dezesseis,Adapt,FNBEYOND,FNBEYOND,-0.8,NBEYOND,0.000,0
frame_000214_d0_recorte_dezesseis.jpg,dezesseis,Adapt,FNBEYONDY,FNBEYONDY,-0.8,NBEYOND,0.000,0
frame_000215_d0_recorte_dezesseis.jpg,dezesseis,Adapt,FNBEYONDY,FNBEYONDY,-0.8,NBEYOND,0.000,0
frame_000216_d0_recorte_dezesseis.jpg,dezesseis,Adapt,FNBEYONDY,FNBEYONDY,-0.8,NBEYOND,0.000,0
frame_000217_d0_recorte_dezesseis.jpg,dezesseis,Adapt,FNBEYONDY,FNBEYONDY,-0.8,NBEYOND,0.000,0
frame_000218_d0_recorte_dezesseis.jpg,dezesseis,Adapt,FNBEYONDY,FNBEYONDY,-0.8,NBEYOND,0.000,0
frame_000219_d0_recorte_dezesseis.jpg,dezesseis,Adapt,FNBEYONDY,FNBEYONDY,-0.8,NBEYOND,0.000,0
frame_000220_d0_recorte_dezesseis.jpg,dezesseis,Adapt,FNBEYONDY,FNBEYONDY,-0.8,NBEYOND,0.000,0
frame_000221_d0_recorte_dezesseis.jpg,dezesseis,Adapt,FNBEYONDY,FNBEYONDY,-0.8,NBEYOND,0.000,0
frame_000222_d0_recorte_dezesseis.jpg,dezesseis,Adapt,FNBEYONDY,FNBEYONDY,-0.8,NBEYOND,0.000,0
frame_000223_d0_recorte_dezesseis.jpg,dezesseis,Adapt,FNBEYONDY,FNBEYONDY,-0.8,NBEYOND,0.000,0
frame_000224_d0_recorte_dezesseis.jpg,dezesseis,Adapt,FNBEYONDY,FNBEYONDY,-0.8,NBEYOND,0.000,0
frame_000225_d0_recorte_dezesseis.jpg,dezesseis,Adapt,TOYYODA,TOYYODA,-0.8,TOYYODA,1.000,1
frame_000226_d0_recorte_dezesseis.jpg,dezesseis,Adapt,TOYYODA,TOYYODA,-0.8,TOYYODA,1.000,1
frame_000227_d0_recorte_dezesseis.jpg,dezesseis,Adapt,TOYYODA,TOYYODA,-0.8,TOYYODA,1.000,1
frame_000228_d0_recorte_dezesseis.jpg,dezesseis,Adapt,TOYYODA,TOYYODA,-0.8,TOYYODA,1.000,1
frame_000229_d0_recorte_dezesseis.jpg,dezesseis,Adapt,TOYYODA,TOYYODA,-0.8,TOYYODA,1.000,1
frame_000230_d0_recorte_dezesseis.jpg,dezesseis,Adapt,TOYYODA,TOYYODA,-0.8,TOYYODA,1.000,1
frame_000231_d0_recorte_dezesseis.jpg,dezesseis,Adapt,TOYYODA,TOYYODA,-0.8,TOYYODA,1.000,1
frame_000232_d0_recorte_dezesseis.jpg,dezesseis,Adapt,TOYYODA,TOYYODA,-0.8,TOYYODA,1.000,1
frame_000233_d0_recorte_dezesseis.jpg,dezesseis,Adapt,TOYYODA,TOYYODA,-0.8,TOYYODA,1.000,1
frame_000234_d0_recorte_dezesseis.jpg,dezesseis,Adapt,TOYYODA,TOYYODA,-0.8,TOYYODA,1.000,1
frame_000235_d0_recorte_dezesseis.jpg,dezesseis,Adapt,TOYYODA,TOYYODA,-0.8,TOYYODA,1.000,1
frame_000236_d0_recorte_dezesseis.jpg,dezesseis,Adapt,TOYYODA,TOYYODA,-0.8,TOYYODA,1.000,1
frame_000237_d0_recorte_dezesseis.jpg,dezesseis,Adapt,TOYYODA,TOYYODA,-0.8,TOYYODA,1.000,1
frame_000238_d0_recorte_dezesseis.jpg,dezesseis,Adapt,TOYYODA,TOYYODA,-0.8,TOYYODA,1.000,1
frame_000239_d0_recorte_dezesseis.jpg,dezesseis,Adapt,TOYYODA,TOYYODA,-0.8,TOYYODA,1.000,1
frame_000240_d0_recorte_dezesseis.jpg,dezesseis,Adapt,TOYYODA,TOYYODA,-0.8,TOYYODA,1.000,1
frame_000241_d0_recorte_dezesseis.jpg,dezesseis,Adapt,TOYYODA,TOYYODA,-0.8,TOYYODA,1.000,1
frame_000242_d0_recorte_dezesseis.jpg,dezesseis,Adapt,TOYYODA,TOYYODA,-0.8,TOYYODA,1.000,1
frame_000243_d0_recorte_dezesseis.jpg,dezesseis,Adapt,TOYYODA,TOYYODA,-0.8,TOYYODA,1.000,1
frame_000244_d0_recorte_dezesseis.jpg,dezesseis,Adapt,TNEED2P,TNEED2P,-0.8,INEED2P,0.857,0
frame_000244_d1_recorte_dezesseis.jpg,dezesseis,Adapt,TT,TT,-0.6,INEED2P,0.000,0
frame_000245_d0_recorte_dezesseis.jpg,dezesseis,Adapt,TNEED2P,TNEED2P,-0.8,INEED2P,0.857,0
frame_000245_d1_recorte_dezesseis.jpg,dezesseis,Adapt,TT,TT,-0.6,INEED2P,0.000,0
frame_000246_d0_recorte_dezesseis.jpg,dezesseis,Adapt,TNEED2P,TNEED2P,-0.8,INEED2P,0.857,0
frame_000246_d1_recorte_dezesseis.jpg,dezesseis,Adapt,TT,TT,-0.6,INEED2P,0.000,0
frame_000247_d0_recorte_dezesseis.jpg,dezesseis,Adapt,TNEED2P,TNEED2P,-0.8,INEED2P,0.857,0
frame_000247_d1_recorte_dezesseis.jpg,dezesseis,Adapt,TT,TT,-0.6,INEED2P,0.000,0
frame_000248_d0_recorte_dezesseis.jpg,dezesseis,Adapt,TNEED2P,TNEED2P,-0.8,INEED2P,0.857,0
frame_000248_d1_recorte_dezesseis.jpg,dezesseis,Adapt,TT,TT,-0.6,INEED2P,0.000,0
frame_000249_d0_recorte_dezesseis.jpg,dezesseis,Adapt,TNEED2P,TNEED2P,-0.8,INEED2P,0.857,0
frame_000249_d1_recorte_dezesseis.jpg,dezesseis,Adapt,TT,TT,-0.6,INEED2P,0.000,0
frame_000250_d0_recorte_dezesseis.jpg,dezesseis,Adapt,TNEED2P,TNEED2P,-0.8,INEED2P,0.857,0
frame_000250_d1_recorte_dezesseis.jpg,dezesseis,Adapt,TT,TT,-0.6,INEED2P,0.000,0
frame_000251_d0_recorte_dezesseis.jpg,dezesseis,Adapt,TNEED2P,TNEED2P,-0.8,INEED2P,0.857,0
frame_000251_d1_recorte_dezesseis.jpg,dezesseis,Adapt,TT,TT,-0.6,INEED2P,0.000,0
frame_000252_d0_recorte_dezesseis.jpg,dezesseis,Adapt,TNEED2P,TNEED2P,-0.8,INEED2P,0.857,0
frame_000252_d1_recorte_dezesseis.jpg,dezesseis,Adapt,TT,TT,-0.6,INEED2P,0.000,0
frame_000253_d0_recorte_dezesseis.jpg,dezesseis,Adapt,TNEED2P,TNEED2P,-0.8,INEED2P,0.857,0
frame_000253_d1_recorte_dezesseis.jpg,dezesseis,Adapt,TT,TT,-0.6,INEED2P,0.000,0
frame_000254_d0_recorte_dezesseis.jpg,dezesseis,Adapt,TNEED2P,TNEED2P,-0.8,INEED2P,0.857,0
frame_000254_d1_recorte_dezesseis.jpg,dezesseis,Adapt,TT,TT,-0.6,INEED2P,0.000,0
frame_000255_d0_recorte_dezesseis.jpg,dezesseis,Adapt,TNEED2P,TNEED2P,-0.8,INEED2P,0.857,0
frame_000255_d1_recorte_dezesseis.jpg,dezesseis,Adapt,TT,TT,-0.6,INEED2P,0.000,0
frame_000256_d0_recorte_dezesseis.jpg,dezesseis,Adapt,TNEED2P,TNEED2P,-0.8,INEED2P,0.857,0
frame_000256_d1_recorte_dezesseis.jpg,dezesseis,Adapt,TT,TT,-0.6,INEED2P,0.000,0
frame_000257_d0_recorte_dezesseis.jpg,dezesseis,Adapt,TNEED2P,TNEED2P,-0.8,INEED2P,0.857,0
frame_000257_d1_recorte_dezesseis.jpg,dezesseis,Adapt,TT,TT,-0.6,INEED2P,0.000,0
frame_000258_d0_recorte_dezesseis.jpg,dezesseis,Adapt,TNEED2P,TNEED2P,-0.8,INEED2P,0.857,0
frame_000258_d1_recorte_dezesseis.jpg,dezesseis,Adapt,TT,TT,-0.6,INEED2P,0.000,0
frame_000259_d0_recorte_dezesseis.jpg,dezesseis,Adapt,66B6,66B6,-0.8,88B88BB,0.143,0
frame_000260_d0_recorte_dezesseis.jpg,dezesseis,Adapt,SBE6BB,SBE6BB,-0.8,88B88BB,0.143,0
frame_000261_d0_recorte_dezesseis.jpg,dezesseis,Adapt,SBE6BB,SBE6BB,-0.8,88B88BB,0.143,0
frame_000262_d0_recorte_dezesseis.jpg,dezesseis,Adapt,SBE6BB,SBE6BB,-0.8,88B88BB,0.143,0
frame_000263_d0_recorte_dezesseis.jpg,dezesseis,Adapt,SBE6BB,SBE6BB,-0.8,88B88BB,0.143,0
frame_000264_d0_recorte_dezesseis.jpg,dezesseis,Adapt,SBE6BB,SBE6BB,-0.8,88B88BB,0.143,0
frame_000265_d0_recorte_dezesseis.jpg,dezesseis,Adapt,SBE6BB,SBE6BB,-0.8,88B88BB,0.143,0
frame_000266_d0_recorte_dezesseis.jpg,dezesseis,Adapt,SBE6BB,SBE6BB,-0.8,88B88BB,0.143,0
frame_000267_d0_recorte_dezesseis.jpg,dezesseis,Adapt,GBOBBB,GBOBBB,-0.8,88B88BB,0.143,0
frame_000268_d0_recorte_dezesseis.jpg,dezesseis,Adapt,GBOBBB,GBOBBB,-0.8,88B88BB,0.143,0
frame_000269_d0_recorte_dezesseis.jpg,dezesseis,Adapt,GBOBBB,GBOBBB,-0.8,88B88BB,0.143,0
frame_000270_d0_recorte_dezesseis.jpg,dezesseis,Adapt,GBOBBB,GBOBBB,-0.8,88B88BB,0.143,0
frame_000271_d0_recorte_dezesseis.jpg,dezesseis,Adapt,GBOBBB,GBOBBB,-0.8,88B88BB,0.143,0
frame_000272_d0_recorte_dezesseis.jpg,dezesseis,Adapt,GBOBBB,GBOBBB,-0.8,88B88BB,0.143,0
frame_000273_d0_recorte_dezesseis.jpg,dezesseis,Adapt,GBOBBB,GBOBBB,-0.8,88B88BB,0.143,0
frame_000274_d0_recorte_dezesseis.jpg,dezesseis,Adapt,GBOBBB,GBOBBB,-0.8,88B88BB,0.143,0
frame_000275_d0_recorte_dezesseis.jpg,dezesseis,Adapt,GBOBBB,GBOBBB,-0.8,88B88BB,0.143,0
frame_000276_d0_recorte_dezesseis.jpg,dezesseis,Adapt,GBOBBB,GBOBBB,-0.8,88B88BB,0.143,0
frame_000277_d0_recorte_dezesseis.jpg,dezesseis,Adapt,GBOBBB,GBOBBB,-0.8,88B88BB,0.143,0
frame_000278_d0_recorte_dezesseis.jpg,dezesseis,Adapt,GBOBBB,GBOBBB,-0.8,88B88BB,0.143,0
frame_000279_d0_recorte_dezesseis.jpg,dezesseis,Adapt,GBOBBB,GBOBBB,-0.8,88B88BB,0.143,0
frame_000280_d0_recorte_dezesseis.jpg,dezesseis,Adapt,GBOBBB,GBOBBB,-0.8,88B88BB,0.143,0
frame_000281_d0_recorte_dezesseis.jpg,dezesseis,Adapt,GBOBBB,GBOBBB,-0.8,88B88BB,0.143,0
frame_000282_d0_recorte_dezesseis.jpg,dezesseis,Adapt,GBOBBB,GBOBBB,-0.8,88B88BB,0.143,0
frame_000283_d0_recorte_dezesseis.jpg,dezesseis,Adapt,GBOBBB,GBOBBB,-0.8,88B88BB,0.143,0
frame_000284_d0_recorte_dezesseis.jpg,dezesseis,Adapt,GBOBBB,GBOBBB,-0.8,88B88BB,0.143,0
frame_000285_d0_recorte_dezesseis.jpg,dezesseis,Adapt,GBOBBB,GBOBBB,-0.8,88B88BB,0.143,0
frame_000286_d0_recorte_dezesseis.jpg,dezesseis,Adapt,GBOBBB,GBOBBB,-0.8,88B88BB,0.143,0
frame_000287_d0_recorte_dezesseis.jpg,dezesseis,Adapt,GBOBBB,GBOBBB,-0.8,88B88BB,0.143,0
frame_000288_d0_recorte_dezesseis.jpg,dezesseis,Adapt,GBOBBB,GBOBBB,-0.8,88B88BB,0.143,0
frame_000289_d0_recorte_dezesseis.jpg,dezesseis,Adapt,GBOBBB,GBOBBB,-0.8,88B88BB,0.143,0
frame_000290_d0_recorte_dezesseis.jpg,dezesseis,Adapt,GBOBBB,GBOBBB,-0.8,88B88BB,0.143,0
frame_000291_d0_recorte_dezesseis.jpg,dezesseis,Adapt,GBOBBB,GBOBBB,-0.8,88B88BB,0.143,0
frame_000292_d0_recorte_dezesseis.jpg,dezesseis,Adapt,GBOBBB,GBOBBB,-0.8,88B88BB,0.143,0
frame_000293_d0_recorte_dezesseis.jpg,dezesseis,Adapt,GBOBBB,GBOBBB,-0.8,88B88BB,0.143,0
frame_000294_d0_recorte_dezesseis.jpg,dezesseis,Adapt,GBOBBB,GBOBBB,-0.8,88B88BB,0.143,0
frame_000295_d0_recorte_dezesseis.jpg,dezesseis,Adapt,ASBBBBB,ASBBBBB,-0.8,88B88BB,0.429,0
frame_000296_d0_recorte_dezesseis.jpg,dezesseis,Adapt,GBOBBB,GBOBBB,-0.8,88B88BB,0.143,0
frame_000297_d0_recorte_dezesseis.jpg,dezesseis,Adapt,GBOBBB,GBOBBB,-0.8,88B88BB,0.143,0
frame_000298_d0_recorte_dezesseis.jpg,dezesseis,Adapt,GBOBBB,GBOBBB,-0.8,88B88BB,0.143,0
frame_000299_d0_recorte_dezesseis.jpg,dezesseis,Adapt,GBOBBB,GBOBBB,-0.8,88B88BB,0.143,0
frame_000300_d0_recorte_dezesseis.jpg,dezesseis,Adapt,GBOBBB,GBOBBB,-0.8,88B88BB,0.143,0
frame_000301_d0_recorte_dezesseis.jpg,dezesseis,Adapt,GBOBBB,GBOBBB,-0.8,88B88BB,0.143,0
frame_000302_d0_recorte_dezesseis.jpg,dezesseis,Adapt,GBOBBB,GBOBBB,-0.8,88B88BB,0.143,0
frame_000303_d0_recorte_dezesseis.jpg,dezesseis,Adapt,GBOBBB,GBOBBB,-0.8,88B88BB,0.143,0
frame_000304_d0_recorte_dezesseis.jpg,dezesseis,Adapt,GBOBBB,GBOBBB,-0.8,88B88BB,0.143,0
frame_000305_d0_recorte_dezesseis.jpg,dezesseis,Adapt,GBOBBB,GBOBBB,-0.8,88B88BB,0.143,0
frame_000306_d0_recorte_dezesseis.jpg,dezesseis,Adapt,GBOBBB,GBOBBB,-0.8,88B88BB,0.143,0
frame_000307_d0_recorte_dezesseis.jpg,dezesseis,Adapt,GBOBBB,GBOBBB,-0.8,88B88BB,0.143,0
frame_000000_d0_recorte_TrintaDois.jpg,trintaDois,Otsu,HONDUH,HONDUH,-0.8,HONDUH,1.000,1
frame_000001_d0_recorte_TrintaDois.jpg,trintaDois,Otsu,HONDUH,HONDUH,-0.8,HONDUH,1.000,1
frame_000002_d0_recorte_TrintaDois.jpg,trintaDois,Otsu,HONDUH,HONDUH,-0.8,HONDUH,1.000,1
frame_000003_d0_recorte_TrintaDois.jpg,trintaDois,Otsu,HONDUH,HONDUH,-0.8,HONDUH,1.000,1
frame_000004_d0_recorte_TrintaDois.jpg,trintaDois,Otsu,HONDUH,HONDUH,-0.8,HONDUH,1.000,1
frame_000005_d0_recorte_TrintaDois.jpg,trintaDois,Otsu,HONDUH,HONDUH,-0.8,HONDUH,1.000,1
frame_000006_d0_recorte_TrintaDois.jpg,trintaDois,Otsu,HONDUH,HONDUH,-0.8,HONDUH,1.000,1
frame_000007_d0_recorte_TrintaDois.jpg,trintaDois,Otsu,HONDUH,HONDUH,-0.8,HONDUH,1.000,1
frame_000008_d0_recorte_TrintaDois.jpg,trintaDois,Otsu,HONDUH,HONDUH,-0.8,HONDUH,1.000,1
frame_000009_d0_recorte_TrintaDois.jpg,trintaDois,Otsu,HONDUH,HONDUH,-0.8,HONDUH,1.000,1
frame_000010_d0_recorte_TrintaDois.jpg,trintaDois,Otsu,HONDUH,HONDUH,-0.8,HONDUH,1.000,1
frame_000011_d0_recorte_TrintaDois.jpg,trintaDois,Otsu,HONDUH,HONDUH,-0.8,HONDUH,1.000,1
frame_000012_d0_recorte_TrintaDois.jpg,trintaDois,Otsu,HONDUH,HONDUH,-0.8,HONDUH,1.000,1
frame_000013_d0_recorte_TrintaDois.jpg,trintaDois,Otsu,HONDUH,HONDUH,-0.8,HONDUH,1.000,1
frame_000014_d0_recorte_TrintaDois.jpg,trintaDois,Otsu,HONDUH,HONDUH,-0.8,HONDUH,1.000,1
frame_000015_d0_recorte_TrintaDois.jpg,trintaDois,Otsu,HONDUH,HONDUH,-0.8,HONDUH,1.000,1
frame_000016_d0_recorte_TrintaDois.jpg,trintaDois,Otsu,HONDUH,HONDUH,-0.8,HONDUH,1.000,1
frame_000017_d0_recorte_TrintaDois.jpg,trintaDois,Otsu,HONDUH,HONDUH,-0.8,HONDUH,1.000,1
frame_000018_d0_recorte_TrintaDois.jpg,trintaDois,Otsu,HONDUH,HONDUH,-0.8,HONDUH,1.000,1
frame_000019_d0_recorte_TrintaDois.jpg,trintaDois,Otsu,HONDUH,HONDUH,-0.8,HONDUH,1.000,1
frame_000021_d0_recorte_TrintaDois.jpg,trintaDois,Otsu,TIMELESS,TIMELESS,-0.8,TIMELESS,1.000,1
frame_000022_d0_recorte_TrintaDois.jpg,trintaDois,Otsu,TTWELESSI,TTWELESSI,-0.8,TIMELESS,0.750,0
frame_000023_d0_recorte_TrintaDois.jpg,trintaDois,Otsu,TTWELESSI,TTWELESSI,-0.8,TIMELESS,0.750,0
frame_000024_d0_recorte_TrintaDois.jpg,trintaDois,Otsu,TTWELESSI,TTWELESSI,-0.8,TIMELESS,0.750,0
frame_000025_d0_recorte_TrintaDois.jpg,trintaDois,Otsu,TTWELESSI,TTWELESSI,-0.8,TIMELESS,0.750,0
frame_000026_d0_recorte_TrintaDois.jpg,trintaDois,Otsu,TTWELESSI,TTWELESSI,-0.8,TIMELESS,0.750,0
frame_000027_d0_recorte_TrintaDois.jpg,trintaDois,Otsu,TTWELESSI,TTWELESSI,-0.8,TIMELESS,0.750,0
frame_000028_d0_recorte_TrintaDois.jpg,trintaDois,Otsu,TTWELESSI,TTWELESSI,-0.8,TIMELESS,0.750,0
frame_000029_d0_recorte_TrintaDois.jpg,trintaDois,Otsu,TTWELESSI,TTWELESSI,-0.8,TIMELESS,0.750,0
frame_000030_d0_recorte_TrintaDois.jpg,trintaDois,Otsu,TTWELESSI,TTWELESSI,-0.8,TIMELESS,0.750,0
frame_000031_d0_recorte_TrintaDois.jpg,trintaDois,Otsu,TTWELESSI,TTWELESSI,-0.8,TIMELESS,0.750,0
frame_000032_d0_recorte_TrintaDois.jpg,trintaDois,Otsu,TTWELESSI,TTWELESSI,-0.8,TIMELESS,0.750,0
frame_000033_d0_recorte_TrintaDois.jpg,trintaDois,Otsu,TTWELESSI,TTWELESSI,-0.8,TIMELESS,0.750,0
frame_000034_d0_recorte_TrintaDois.jpg,trintaDois,Otsu,TTWELESSI,TTWELESSI,-0.8,TIMELESS,0.750,0
frame_000035_d0_recorte_TrintaDois.jpg,trintaDois,Otsu,TTWELESSI,TTWELESSI,-0.8,TIMELESS,0.750,0
frame_000036_d0_recorte_TrintaDois.jpg,trintaDois,Otsu,TTWELESSI,TTWELESSI,-0.8,TIMELESS,0.750,0
frame_000037_d0_recorte_TrintaDois.jpg,trintaDois,Otsu,TTWELESSI,TTWELESSI,-0.8,TIMELESS,0.750,0
frame_000038_d0_recorte_TrintaDois.jpg,trintaDois,Otsu,TTWELESSI,TTWELESSI,-0.8,TIMELESS,0.750,0
frame_000039_d0_recorte_TrintaDois.jpg,trintaDois,Otsu,TTWELESSI,TTWELESSI,-0.8,TIMELESS,0.750,0
frame_000040_d0_recorte_TrintaDois.jpg,trintaDois,Otsu,TTWELESSI,TTWELESSI,-0.8,TIMELESS,0.750,0
frame_000041_d0_recorte_TrintaDois.jpg,trintaDois,Otsu,TTWELESSI,TTWELESSI,-0.8,TIMELESS,0.750,0
frame_000042_d0_recorte_TrintaDois.jpg,trintaDois,Otsu,TTWELESSI,TTWELESSI,-0.8,TIMELESS,0.750,0
frame_000043_d0_recorte_TrintaDois.jpg,trintaDois,Otsu,EEBUC,EEBUC,-0.8,EEWABUG,0.286,0
frame_000044_d0_recorte_TrintaDois.jpg,trintaDois,Otsu,EEBUC,EEBUC,-0.8,EEWABUG,0.286,0
frame_000045_d0_recorte_TrintaDois.jpg,trintaDois,Otsu,EEBUC,EEBUC,-0.8,EEWABUG,0.286,0
frame_000046_d0_recorte_TrintaDois.jpg,trintaDois,Otsu,EEBUC,EEBUC,-0.8,EEWABUG,0.286,0
frame_000047_d0_recorte_TrintaDois.jpg,trintaDois,Otsu,EEBUC,EEBUC,-0.8,EEWABUG,0.286,0
frame_000048_d0_recorte_TrintaDois.jpg,trintaDois,Otsu,EEBUC,EEBUC,-0.8,EEWABUG,0.286,0
frame_000049_d0_recorte_TrintaDois.jpg,trintaDois,Otsu,EEBUC,EEBUC,-0.8,EEWABUG,0.286,0
frame_000050_d0_recorte_TrintaDois.jpg,trintaDois,Otsu,EEBUC,EEBUC,-0.8,EEWABUG,0.286,0
frame_000051_d0_recorte_TrintaDois.jpg,trintaDois,Otsu,EEBUC,EEBUC,-0.8,EEWABUG,0.286,0
frame_000052_d0_recorte_TrintaDois.jpg,trintaDois,Otsu,EEBUC,EEBUC,-0.8,EEWABUG,0.286,0
frame_000053_d0_recorte_TrintaDois.jpg,trintaDois,Otsu,EEBUC,EEBUC,-0.8,EEWABUG,0.286,0
frame_000054_d0_recorte_TrintaDois.jpg,trintaDois,Otsu,EEKBUCI,EEKBUCI,-0.8,EEWABUG,0.286,0
frame_000055_d0_recorte_TrintaDois.jpg,trintaDois,Otsu,EEKBUCI,EEKBUCI,-0.8,EEWABUG,0.286,0
frame_000056_d0_recorte_TrintaDois.jpg,trintaDois,Otsu,EEKBUCI,EEKBUCI,-0.8,EEWABUG,0.286,0
frame_000057_d0_recorte_TrintaDois.jpg,trintaDois,Otsu,EEKBUCI,EEKBUCI,-0.8,EEWABUG,0.286,0
frame_000058_d0_recorte_TrintaDois.jpg,trintaDois,Otsu,EEKBUCI,EEKBUCI,-0.8,EEWABUG,0.286,0
frame_000059_d0_recorte_TrintaDois.jpg,trintaDois,Otsu,EEKBUCI,EEKBUCI,-0.8,EEWABUG,0.286,0
frame_000060_d0_recorte_TrintaDois.jpg,trintaDois,Otsu,EEKBUCI,EEKBUCI,-0.8,EEWABUG,0.286,0
frame_000061_d0_recorte_TrintaDois.jpg,trintaDois,Otsu,PIKACHU,PIKACHU,-0.8,PIKACHU,1.000,1
frame_000062_d0_recorte_TrintaDois.jpg,trintaDois,Otsu,PIKACHU,PIKACHU,-0.8,PIKACHU,1.000,1
frame_000063_d0_recorte_TrintaDois.jpg,trintaDois,Otsu,PIKACHU,PIKACHU,-0.8,PIKACHU,1.000,1
frame_000064_d0_recorte_TrintaDois.jpg,trintaDois,Otsu,PIKACHU,PIKACHU,-0.8,PIKACHU,1.000,1
frame_000065_d0_recorte_TrintaDois.jpg,trintaDois,Otsu,PIKACHU,PIKACHU,-0.8,PIKACHU,1.000,1
frame_000066_d0_recorte_TrintaDois.jpg,trintaDois,Otsu,PIKACHU,PIKACHU,-0.8,PIKACHU,1.000,1
frame_000067_d0_recorte_TrintaDois.jpg,trintaDois,Otsu,PIKACHU,PIKACHU,-0.8,PIKACHU,1.000,1
frame_000068_d0_recorte_TrintaDois.jpg,trintaDois,Otsu,PIKACHU,PIKACHU,-0.8,PIKACHU,1.000,1
frame_000069_d0_recorte_TrintaDois.jpg,trintaDois,Otsu,PIKACHU,PIKACHU,-0.8,PIKACHU,1.000,1
frame_000070_d0_recorte_TrintaDois.jpg,trintaDois,Otsu,PIKACHU,PIKACHU,-0.8,PIKACHU,1.000,1
frame_000071_d0_recorte_TrintaDois.jpg,trintaDois,Otsu,PIKACHU,PIKACHU,-0.8,PIKACHU,1.000,1
frame_000072_d0_recorte_TrintaDois.jpg,trintaDois,Otsu,PIKACHU,PIKACHU,-0.8,PIKACHU,1.000,1
frame_000073_d0_recorte_TrintaDois.jpg,trintaDois,Otsu,PIKACHU,PIKACHU,-0.8,PIKACHU,1.000,1
frame_000074_d0_recorte_TrintaDois.jpg,trintaDois,Otsu,PIKACHU,PIKACHU,-0.8,PIKACHU,1.000,1
frame_000075_d0_recorte_TrintaDois.jpg,trintaDois,Otsu,PIKACHU,PIKACHU,-0.8,PIKACHU,1.000,1
frame_000076_d0_recorte_TrintaDois.jpg,trintaDois,Otsu,PIKACHU,PIKACHU,-0.8,PIKACHU,1.000,1
frame_000077_d0_recorte_TrintaDois.jpg,trintaDois,Otsu,PIKACHU,PIKACHU,-0.8,PIKACHU,1.000,1
frame_000078_d0_recorte_TrintaDois.jpg,trintaDois,Otsu,PIKACHU,PIKACHU,-0.8,PIKACHU,1.000,1
frame_000079_d0_recorte_TrintaDois.jpg,trintaDois,Otsu,PIKACHU,PIKACHU,-0.8,PIKACHU,1.000,1
frame_000080_d0_recorte_TrintaDois.jpg,trintaDois,Otsu,G,G,-0.8,OHIFIT,0.000,0
frame_000081_d0_recorte_TrintaDois.jpg,trintaDois,Otsu,G,G,-0.8,OHIFIT,0.000,0
frame_000082_d0_recorte_TrintaDois.jpg,trintaDois,Otsu,G,G,-0.8,OHIFIT,0.000,0
frame_000083_d0_recorte_TrintaDois.jpg,trintaDois,Otsu,G,G,-0.8,OHIFIT,0.000,0
frame_000084_d0_recorte_TrintaDois.jpg,trintaDois,Otsu,G,G,-0.8,OHIFIT,0.000,0
frame_000085_d0_recorte_TrintaDois.jpg,trintaDois,Otsu,G,G,-0.8,OHIFIT,0.000,0
frame_000086_d0_recorte_TrintaDois.jpg,trintaDois,Otsu,G,G,-0.8,OHIFIT,0.000,0
frame_000087_d0_recorte_TrintaDois.jpg,trintaDois,Otsu,G,G,-0.8,OHIFIT,0.000,0
frame_000088_d0_recorte_TrintaDois.jpg,trintaDois,Otsu,G,G,-0.8,OHIFIT,0.000,0
frame_000089_d0_recorte_TrintaDois.jpg,trintaDois,Otsu,G,G,-0.8,OHIFIT,0.000,0
frame_000090_d0_recorte_TrintaDois.jpg,trintaDois,Otsu,G,G,-0.8,OHIFIT,0.000,0
frame_000091_d0_recorte_TrintaDois.jpg,trintaDois,Otsu,G,G,-0.8,OHIFIT,0.000,0
frame_000092_d0_recorte_TrintaDois.jpg,trintaDois,Otsu,G,G,-0.8,OHIFIT,0.000,0
frame_000093_d0_recorte_TrintaDois.jpg,trintaDois,Otsu,G,G,-0.8,OHIFIT,0.000,0
frame_000094_d0_recorte_TrintaDois.jpg,trintaDois,Otsu,G,G,-0.8,OHIFIT,0.000,0
frame_000095_d0_recorte_TrintaDois.jpg,trintaDois,Otsu,G,G,-0.8,OHIFIT,0.000,0
frame_000096_d0_recorte_TrintaDois.jpg,trintaDois,Otsu,G,G,-0.8,OHIFIT,0.000,0
frame_000097_d0_recorte_TrintaDois.jpg,trintaDois,Otsu,G,G,-0.8,OHIFIT,0.000,0
frame_000098_d0_recorte_TrintaDois.jpg,trintaDois,Otsu,G,G,-0.8,OHIFIT,0.000,0
frame_000099_d0_recorte_TrintaDois.jpg,trintaDois,Otsu,G,G,-0.8,OHIFIT,0.000,0
frame_000100_d0_recorte_TrintaDois.jpg,trintaDois,Otsu,G,G,-0.8,OHIFIT,0.000,0
frame_000101_d0_recorte_TrintaDois.jpg,trintaDois,Otsu,WS,WS,2.2,EWGAS,0.000,0
frame_000102_d0_recorte_TrintaDois.jpg,trintaDois,Otsu,RS,RS,2.4,EWGAS,0.000,0
frame_000103_d0_recorte_TrintaDois.jpg,trintaDois,Otsu,RS,RS,2.4,EWGAS,0.000,0
frame_000104_d0_recorte_TrintaDois.jpg,trintaDois,Otsu,RS,RS,2.4,EWGAS,0.000,0
frame_000105_d0_recorte_TrintaDois.jpg,trintaDois,Otsu,RS,RS,2.4,EWGAS,0.000,0
frame_000106_d0_recorte_TrintaDois.jpg,trintaDois,Otsu,RS,RS,2.4,EWGAS,0.000,0
frame_000107_d0_recorte_TrintaDois.jpg,trintaDois,Otsu,WES,WES,7.4,EWGAS,0.000,0
frame_000108_d0_recorte_TrintaDois.jpg,trintaDois,Otsu,WES,WES,7.4,EWGAS,0.000,0
frame_000109_d0_recorte_TrintaDois.jpg,trintaDois,Otsu,WES,WES,7.4,EWGAS,0.000,0
frame_000110_d0_recorte_TrintaDois.jpg,trintaDois,Otsu,WES,WES,7.4,EWGAS,0.000,0
frame_000111_d0_recorte_TrintaDois.jpg,trintaDois,Otsu,WES,WES,7.4,EWGAS,0.000,0
frame_000112_d0_recorte_TrintaDois.jpg,trintaDois,Otsu,WES,WES,7.4,EWGAS,0.000,0
frame_000113_d0_recorte_TrintaDois.jpg,trintaDois,Otsu,WES,WES,7.4,EWGAS,0.000,0
frame_000114_d0_recorte_TrintaDois.jpg,trintaDois,Otsu,WES,WES,7.4,EWGAS,0.000,0
frame_000115_d0_recorte_TrintaDois.jpg,trintaDois,Otsu,WES,WES,7.4,EWGAS,0.000,0
frame_000116_d0_recorte_TrintaDois.jpg,trintaDois,Otsu,WES,WES,7.4,EWGAS,0.000,0
frame_000117_d0_recorte_TrintaDois.jpg,trintaDois,Otsu,WES,WES,7.4,EWGAS,0.000,0
frame_000118_d0_recorte_TrintaDois.jpg,trintaDois,Otsu,SOF2EL0AJ,SOF2EL0AJ,-0.8,OFZELDA,0.000,0
frame_000119_d0_recorte_TrintaDois.jpg,trintaDois,Otsu,SOF2EL0AJ,SOF2EL0AJ,-0.8,OFZELDA,0.000,0
frame_000120_d0_recorte_TrintaDois.jpg,trintaDois,Otsu,SOF2EL0AJ,SOF2EL0AJ,-0.8,OFZELDA,0.000,0
frame_000121_d0_recorte_TrintaDois.jpg,trintaDois,Otsu,SOF2EL0AJ,SOF2EL0AJ,-0.8,OFZELDA,0.000,0
frame_000122_d0_recorte_TrintaDois.jpg,trintaDois,Otsu,SOF2EL0AJ,SOF2EL0AJ,-0.8,OFZELDA,0.000,0
frame_000123_d0_recorte_TrintaDois.jpg,trintaDois,Otsu,SOF2EL0AJ,SOF2EL0AJ,-0.8,OFZELDA,0.000,0
frame_000124_d0_recorte_TrintaDois.jpg,trintaDois,Otsu,SOF2EL0AJ,SOF2EL0AJ,-0.8,OFZELDA,0.000,0
frame_000125_d0_recorte_TrintaDois.jpg,trintaDois,Otsu,SOF2EL0AJ,SOF2EL0AJ,-0.8,OFZELDA,0.000,0
frame_000126_d0_recorte_TrintaDois.jpg,trintaDois,Otsu,SOF2EL0AJ,SOF2EL0AJ,-0.8,OFZELDA,0.000,0
frame_000127_d0_recorte_TrintaDois.jpg,trintaDois,Otsu,SOF2EL0AJ,SOF2EL0AJ,-0.8,OFZELDA,0.000,0
frame_000128_d0_recorte_TrintaDois.jpg,trintaDois,Otsu,SOF2EL0AJ,SOF2EL0AJ,-0.8,OFZELDA,0.000,0
frame_000129_d0_recorte_TrintaDois.jpg,trintaDois,Otsu,SOF2EL0AJ,SOF2EL0AJ,-0.8,OFZELDA,0.000,0
frame_000130_d0_recorte_TrintaDois.jpg,trintaDois,Otsu,SOF2EL0AJ,SOF2EL0AJ,-0.8,OFZELDA,0.000,0
frame_000131_d0_recorte_TrintaDois.jpg,trintaDois,Otsu,SOF2EL0AJ,SOF2EL0AJ,-0.8,OFZELDA,0.000,0
frame_000132_d0_recorte_TrintaDois.jpg,trintaDois,Otsu,SOF2EL0AJ,SOF2EL0AJ,-0.8,OFZELDA,0.000,0
frame_000133_d0_recorte_TrintaDois.jpg,trintaDois,Otsu,SOF2EL0AJ,SOF2EL0AJ,-0.8,OFZELDA,0.000,0
frame_000134_d0_recorte_TrintaDois.jpg,trintaDois,Otsu,SOF2EL0AJ,SOF2EL0AJ,-0.8,OFZELDA,0.000,0
frame_000135_d0_recorte_TrintaDois.jpg,trintaDois,Otsu,SOF2EL0AJ,SOF2EL0AJ,-0.8,OFZELDA,0.000,0
frame_000136_d0_recorte_TrintaDois.jpg,trintaDois,Otsu,SOF2EL0AJ,SOF2EL0AJ,-0.8,OFZELDA,0.000,0
frame_000137_d0_recorte_TrintaDois.jpg,trintaDois,Otsu,SOF2EL0AJ,SOF2EL0AJ,-0.8,OFZELDA,0.000,0
frame_000138_d0_recorte_TrintaDois.jpg,trintaDois,Otsu,SOF2EL0AJ,SOF2EL0AJ,-0.8,OFZELDA,0.000,0
frame_000139_d0_recorte_TrintaDois.jpg,trintaDois,Otsu,SOF2EL0AJ,SOF2EL0AJ,-0.8,OFZELDA,0.000,0
frame_000140_d0_recorte_TrintaDois.jpg,trintaDois,Otsu,SOF2EL0AJ,SOF2EL0AJ,-0.8,OFZELDA,0.000,0
frame_000141_d0_recorte_TrintaDois.jpg,trintaDois,Otsu,SOF2EL0AJ,SOF2EL0AJ,-0.8,OFZELDA,0.000,0
frame_000142_d0_recorte_TrintaDois.jpg,trintaDois,Otsu,SOF2EL0AJ,SOF2EL0AJ,-0.8,OFZELDA,0.000,0
frame_000143_d0_recorte_TrintaDois.jpg,trintaDois,Otsu,SOF2EL0AJ,SOF2EL0AJ,-0.8,OFZELDA,0.000,0
frame_000144_d0_recorte_TrintaDois.jpg,trintaDois,Otsu,SOF2EL0AJ,SOF2EL0AJ,-0.8,OFZELDA,0.000,0
frame_000145_d0_recorte_TrintaDois.jpg,trintaDois,Otsu,SOF2EL0AJ,SOF2EL0AJ,-0.8,OFZELDA,0.000,0
frame_000146_d0_recorte_TrintaDois.jpg,trintaDois,Otsu,,,-1.0,BYE4O1K,0.000,0
frame_000147_d0_recorte_TrintaDois.jpg,trintaDois,Otsu,,,-1.0,BYE4O1K,0.000,0
frame_000148_d0_recorte_TrintaDois.jpg,trintaDois,Otsu,,,-1.0,BYE4O1K,0.000,0
frame_000149_d0_recorte_TrintaDois.jpg,trintaDois,Otsu,,,-1.0,BYE4O1K,0.000,0
frame_000150_d0_recorte_TrintaDois.jpg,trintaDois,Otsu,,,-1.0,BYE4O1K,0.000,0
frame_000151_d0_recorte_TrintaDois.jpg,trintaDois,Otsu,,,-1.0,BYE4O1K,0.000,0
frame_000152_d0_recorte_TrintaDois.jpg,trintaDois,Otsu,,,-1.0,BYE4O1K,0.000,0
frame_000153_d0_recorte_TrintaDois.jpg,trintaDois,Otsu,,,-1.0,BYE4O1K,0.000,0
frame_000154_d0_recorte_TrintaDois.jpg,trintaDois,Otsu,,,-1.0,BYE4O1K,0.000,0
frame_000155_d0_recorte_TrintaDois.jpg,trintaDois,Otsu,,,-1.0,BYE4O1K,0.000,0
frame_000156_d0_recorte_TrintaDois.jpg,trintaDois,Otsu,,,-1.0,BYE4O1K,0.000,0
frame_000157_d0_recorte_TrintaDois.jpg,trintaDois,Otsu,,,-1.0,BYE4O1K,0.000,0
frame_000158_d0_recorte_TrintaDois.jpg,trintaDois,Otsu,,,-1.0,BYE4O1K,0.000,0
frame_000159_d0_recorte_TrintaDois.jpg,trintaDois,Otsu,,,-1.0,BYE4O1K,0.000,0
frame_000160_d0_recorte_TrintaDois.jpg,trintaDois,Otsu,,,-1.0,BYE4O1K,0.000,0
frame_000161_d0_recorte_TrintaDois.jpg,trintaDois,Otsu,MUAH,MUAH,3.2,MUAHAHA,0.571,0
frame_000162_d0_recorte_TrintaDois.jpg,trintaDois,Otsu,MUAH,MUAH,3.2,MUAHAHA,0.571,0
frame_000163_d0_recorte_TrintaDois.jpg,trintaDois,Otsu,MUAH,MUAH,3.2,MUAHAHA,0.571,0
frame_000164_d0_recorte_TrintaDois.jpg,trintaDois,Otsu,MUAH,MUAH,3.2,MUAHAHA,0.571,0
frame_000165_d0_recorte_TrintaDois.jpg,trintaDois,Otsu,MUAH,MUAH,3.2,MUAHAHA,0.571,0
frame_000166_d0_recorte_TrintaDois.jpg,trintaDois,Otsu,MUAH,MUAH,3.2,MUAHAHA,0.571,0
frame_000167_d0_recorte_TrintaDois.jpg,trintaDois,Otsu,MUAH,MUAH,3.2,MUAHAHA,0.571,0
frame_000168_d0_recorte_TrintaDois.jpg,trintaDois,Otsu,MUAH,MUAH,3.2,MUAHAHA,0.571,0
frame_000169_d0_recorte_TrintaDois.jpg,trintaDois,Otsu,MUAH,MUAH,3.2,MUAHAHA,0.571,0
frame_000170_d0_recorte_TrintaDois.jpg,trintaDois,Otsu,MUAH,MUAH,3.2,MUAHAHA,0.571,0
frame_000171_d0_recorte_TrintaDois.jpg,trintaDois,Otsu,MUAH,MUAH,3.2,MUAHAHA,0.571,0
frame_000172_d0_recorte_TrintaDois.jpg,trintaDois,Otsu,MUAH,MUAH,3.2,MUAHAHA,0.571,0
frame_000173_d0_recorte_TrintaDois.jpg,trintaDois,Otsu,MUAH,MUAH,3.2,MUAHAHA,0.571,0
frame_000174_d0_recorte_TrintaDois.jpg,trintaDois,Otsu,MUAH,MUAH,3.2,MUAHAHA,0.571,0
frame_000175_d0_recorte_TrintaDois.jpg,trintaDois,Otsu,MUAH,MUAH,3.2,MUAHAHA,0.571,0
frame_000176_d0_recorte_TrintaDois.jpg,trintaDois,Otsu,MUAH,MUAH,3.2,MUAHAHA,0.571,0
frame_000177_d0_recorte_TrintaDois.jpg,trintaDois,Otsu,MUAH,MUAH,3.2,MUAHAHA,0.571,0
frame_000178_d0_recorte_TrintaDois.jpg,trintaDois,Otsu,MUAH,MUAH,3.2,MUAHAHA,0.571,0
frame_000179_d0_recorte_TrintaDois.jpg,trintaDois,Otsu,MUAH,MUAH,3.2,MUAHAHA,0.571,0
frame_000180_d0_recorte_TrintaDois.jpg,trintaDois,Otsu,MUAH,MUAH,3.2,MUAHAHA,0.571,0
frame_000181_d0_recorte_TrintaDois.jpg,trintaDois,Otsu,MUAH,MUAH,3.2,MUAHAHA,0.571,0
frame_000182_d0_recorte_TrintaDois.jpg,trintaDois,Otsu,MUAH,MUAH,3.2,MUAHAHA,0.571,0
frame_000183_d0_recorte_TrintaDois.jpg,trintaDois,Otsu,MUAH,MUAH,3.2,MUAHAHA,0.571,0
frame_000184_d0_recorte_TrintaDois.jpg,trintaDois,Otsu,RTEY,RTEY,-0.8,ORINNIE,0.000,0
frame_000185_d0_recorte_TrintaDois.jpg,trintaDois,Otsu,RTEY,RTEY,-0.8,ORINNIE,0.000,0
frame_000186_d0_recorte_TrintaDois.jpg,trintaDois,Otsu,RTEY,RTEY,-0.8,ORINNIE,0.000,0
frame_000187_d0_recorte_TrintaDois.jpg,trintaDois,Otsu,RTEY,RTEY,-0.8,ORINNIE,0.000,0
frame_000188_d0_recorte_TrintaDois.jpg,trintaDois,Otsu,RTEY,RTEY,-0.8,ORINNIE,0.000,0
frame_000189_d0_recorte_TrintaDois.jpg,trintaDois,Otsu,RTEY,RTEY,-0.8,ORINNIE,0.000,0
frame_000190_d0_recorte_TrintaDois.jpg,trintaDois,Otsu,RTEY,RTEY,-0.8,ORINNIE,0.000,0
frame_000191_d0_recorte_TrintaDois.jpg,trintaDois,Otsu,RTEY,RTEY,-0.8,ORINNIE,0.000,0
frame_000192_d0_recorte_TrintaDois.jpg,trintaDois,Otsu,RTEY,RTEY,-0.8,ORINNIE,0.000,0
frame_000193_d0_recorte_TrintaDois.jpg,trintaDois,Otsu,RTEY,RTEY,-0.8,ORINNIE,0.000,0
frame_000194_d0_recorte_TrintaDois.jpg,trintaDois,Otsu,RTEY,RTEY,-0.8,ORINNIE,0.000,0
frame_000195_d0_recorte_TrintaDois.jpg,trintaDois,Otsu,RTEY,RTEY,-0.8,ORINNIE,0.000,0
frame_000196_d0_recorte_TrintaDois.jpg,trintaDois,Otsu,RTEY,RTEY,-0.8,ORINNIE,0.000,0
frame_000197_d0_recorte_TrintaDois.jpg,trintaDois,Otsu,RTEY,RTEY,-0.8,ORINNIE,0.000,0
frame_000198_d0_recorte_TrintaDois.jpg,trintaDois,Otsu,RTEY,RTEY,-0.8,ORINNIE,0.000,0
frame_000199_d0_recorte_TrintaDois.jpg,trintaDois,Otsu,RTEY,RTEY,-0.8,ORINNIE,0.000,0
frame_000200_d0_recorte_TrintaDois.jpg,trintaDois,Otsu,RTEY,RTEY,-0.8,ORINNIE,0.000,0
frame_000201_d0_recorte_TrintaDois.jpg,trintaDois,Otsu,RTEY,RTEY,-0.8,ORINNIE,0.000,0
frame_000202_d0_recorte_TrintaDois.jpg,trintaDois,Otsu,FORTE,FORTE,-0.8,ORINNIE,0.000,0
frame_000203_d0_recorte_TrintaDois.jpg,trintaDois,Otsu,BEYONDY,BEYONDY,-0.8,NBEYOND,0.000,0
frame_000204_d0_recorte_TrintaDois.jpg,trintaDois,Otsu,BEYONDY,BEYONDY,-0.8,NBEYOND,0.000,0
frame_000205_d0_recorte_TrintaDois.jpg,trintaDois,Otsu,BEYONDY,BEYONDY,-0.8,NBEYOND,0.000,0
frame_000206_d0_recorte_TrintaDois.jpg,trintaDois,Otsu,BEYONDY,BEYONDY,-0.8,NBEYOND,0.000,0
frame_000207_d0_recorte_TrintaDois.jpg,trintaDois,Otsu,BEYONDY,BEYONDY,-0.8,NBEYOND,0.000,0
frame_000208_d0_recorte_TrintaDois.jpg,trintaDois,Otsu,BEYONDY,BEYONDY,-0.8,NBEYOND,0.000,0
frame_000209_d0_recorte_TrintaDois.jpg,trintaDois,Otsu,BEYONDY,BEYONDY,-0.8,NBEYOND,0.000,0
frame_000210_d0_recorte_TrintaDois.jpg,trintaDois,Otsu,BEYONDY,BEYONDY,-0.8,NBEYOND,0.000,0
frame_000211_d0_recorte_TrintaDois.jpg,trintaDois,Otsu,BEYONDY,BEYONDY,-0.8,NBEYOND,0.000,0
frame_000212_d0_recorte_TrintaDois.jpg,trintaDois,Otsu,BEYONDY,BEYONDY,-0.8,NBEYOND,0.000,0
frame_000213_d0_recorte_TrintaDois.jpg,trintaDois,Otsu,BEYONDY,BEYONDY,-0.8,NBEYOND,0.000,0
frame_000214_d0_recorte_TrintaDois.jpg,trintaDois,Otsu,BEYOND,BEYOND,0.8,NBEYOND,0.000,0
frame_000215_d0_recorte_TrintaDois.jpg,trintaDois,Otsu,BEYOND,BEYOND,0.8,NBEYOND,0.000,0
frame_000216_d0_recorte_TrintaDois.jpg,trintaDois,Otsu,BEYOND,BEYOND,0.8,NBEYOND,0.000,0
frame_000217_d0_recorte_TrintaDois.jpg,trintaDois,Otsu,BEYOND,BEYOND,0.8,NBEYOND,0.000,0
frame_000218_d0_recorte_TrintaDois.jpg,trintaDois,Otsu,BEYOND,BEYOND,0.8,NBEYOND,0.000,0
frame_000219_d0_recorte_TrintaDois.jpg,trintaDois,Otsu,BEYOND,BEYOND,0.8,NBEYOND,0.000,0
frame_000220_d0_recorte_TrintaDois.jpg,trintaDois,Otsu,BEYOND,BEYOND,0.8,NBEYOND,0.000,0
frame_000221_d0_recorte_TrintaDois.jpg,trintaDois,Otsu,BEYOND,BEYOND,0.8,NBEYOND,0.000,0
frame_000222_d0_recorte_TrintaDois.jpg,trintaDois,Otsu,BEYOND,BEYOND,0.8,NBEYOND,0.000,0
frame_000223_d0_recorte_TrintaDois.jpg,trintaDois,Otsu,BEYOND,BEYOND,0.8,NBEYOND,0.000,0
frame_000224_d0_recorte_TrintaDois.jpg,trintaDois,Otsu,BEYOND,BEYOND,0.8,NBEYOND,0.000,0
frame_000225_d0_recorte_TrintaDois.jpg,trintaDois,Otsu,JOYYODA,JOYYODA,-0.8,TOYYODA,0.857,0
frame_000226_d0_recorte_TrintaDois.jpg,trintaDois,Otsu,JOYYODA,JOYYODA,-0.8,TOYYODA,0.857,0
frame_000227_d0_recorte_TrintaDois.jpg,trintaDois,Otsu,JOYYODA,JOYYODA,-0.8,TOYYODA,0.857,0
frame_000228_d0_recorte_TrintaDois.jpg,trintaDois,Otsu,JOYYODA,JOYYODA,-0.8,TOYYODA,0.857,0
frame_000229_d0_recorte_TrintaDois.jpg,trintaDois,Otsu,JOYYODA,JOYYODA,-0.8,TOYYODA,0.857,0
frame_000230_d0_recorte_TrintaDois.jpg,trintaDois,Otsu,JOYYODA,JOYYODA,-0.8,TOYYODA,0.857,0
frame_000231_d0_recorte_TrintaDois.jpg,trintaDois,Otsu,JOYYODA,JOYYODA,-0.8,TOYYODA,0.857,0
frame_000232_d0_recorte_TrintaDois.jpg,trintaDois,Otsu,JOYYODA,JOYYODA,-0.8,TOYYODA,0.857,0
frame_000233_d0_recorte_TrintaDois.jpg,trintaDois,Otsu,JOYYODA,JOYYODA,-0.8,TOYYODA,0.857,0
frame_000234_d0_recorte_TrintaDois.jpg,trintaDois,Otsu,JOYYODA,JOYYODA,-0.8,TOYYODA,0.857,0
frame_000235_d0_recorte_TrintaDois.jpg,trintaDois,Otsu,JOYYODA,JOYYODA,-0.8,TOYYODA,0.857,0
frame_000236_d0_recorte_TrintaDois.jpg,trintaDois,Otsu,JOYYODA,JOYYODA,-0.8,TOYYODA,0.857,0
frame_000237_d0_recorte_TrintaDois.jpg,trintaDois,Otsu,JOYYODA,JOYYODA,-0.8,TOYYODA,0.857,0
frame_000238_d0_recorte_TrintaDois.jpg,trintaDois,Otsu,JOYYODA,JOYYODA,-0.8,TOYYODA,0.857,0
frame_000239_d0_recorte_TrintaDois.jpg,trintaDois,Otsu,JOYYODA,JOYYODA,-0.8,TOYYODA,0.857,0
frame_000240_d0_recorte_TrintaDois.jpg,trintaDois,Otsu,JOYYODA,JOYYODA,-0.8,TOYYODA,0.857,0
frame_000241_d0_recorte_TrintaDois.jpg,trintaDois,Otsu,JOYYODA,JOYYODA,-0.8,TOYYODA,0.857,0
frame_000242_d0_recorte_TrintaDois.jpg,trintaDois,Otsu,JOYYODA,JOYYODA,-0.8,TOYYODA,0.857,0
frame_000243_d0_recorte_TrintaDois.jpg,trintaDois,Otsu,JOYYODA,JOYYODA,-0.8,TOYYODA,0.857,0
frame_000244_d0_recorte_TrintaDois.jpg,trintaDois,Otsu,BTNEED2PI,BTNEED2PI,-0.8,INEED2P,0.143,0
frame_000244_d1_recorte_TrintaDois.jpg,trintaDois,Otsu,,,-1.0,INEED2P,0.000,0
frame_000245_d0_recorte_TrintaDois.jpg,trintaDois,Otsu,BTNEED2PI,BTNEED2PI,-0.8,INEED2P,0.143,0
frame_000245_d1_recorte_TrintaDois.jpg,trintaDois,Otsu,,,-1.0,INEED2P,0.000,0
frame_000246_d0_recorte_TrintaDois.jpg,trintaDois,Otsu,BTNEED2PI,BTNEED2PI,-0.8,INEED2P,0.143,0
frame_000246_d1_recorte_TrintaDois.jpg,trintaDois,Otsu,,,-1.0,INEED2P,0.000,0
frame_000247_d0_recorte_TrintaDois.jpg,trintaDois,Otsu,BTNEED2PI,BTNEED2PI,-0.8,INEED2P,0.143,0
frame_000247_d1_recorte_TrintaDois.jpg,trintaDois,Otsu,,,-1.0,INEED2P,0.000,0
frame_000248_d0_recorte_TrintaDois.jpg,trintaDois,Otsu,BTNEED2PI,BTNEED2PI,-0.8,INEED2P,0.143,0
frame_000248_d1_recorte_TrintaDois.jpg,trintaDois,Otsu,,,-1.0,INEED2P,0.000,0
frame_000249_d0_recorte_TrintaDois.jpg,trintaDois,Otsu,BTNEED2PI,BTNEED2PI,-0.8,INEED2P,0.143,0
frame_000249_d1_recorte_TrintaDois.jpg,trintaDois,Otsu,,,-1.0,INEED2P,0.000,0
frame_000250_d0_recorte_TrintaDois.jpg,trintaDois,Otsu,BTNEED2PI,BTNEED2PI,-0.8,INEED2P,0.143,0
frame_000250_d1_recorte_TrintaDois.jpg,trintaDois,Otsu,,,-1.0,INEED2P,0.000,0
frame_000251_d0_recorte_TrintaDois.jpg,trintaDois,Otsu,BTNEED2PI,BTNEED2PI,-0.8,INEED2P,0.143,0
frame_000251_d1_recorte_TrintaDois.jpg,trintaDois,Otsu,,,-1.0,INEED2P,0.000,0
frame_000252_d0_recorte_TrintaDois.jpg,trintaDois,Otsu,BTNEED2PI,BTNEED2PI,-0.8,INEED2P,0.143,0
frame_000252_d1_recorte_TrintaDois.jpg,trintaDois,Otsu,,,-1.0,INEED2P,0.000,0
frame_000253_d0_recorte_TrintaDois.jpg,trintaDois,Otsu,BTNEED2PI,BTNEED2PI,-0.8,INEED2P,0.143,0
frame_000253_d1_recorte_TrintaDois.jpg,trintaDois,Otsu,,,-1.0,INEED2P,0.000,0
frame_000254_d0_recorte_TrintaDois.jpg,trintaDois,Otsu,BTNEED2PI,BTNEED2PI,-0.8,INEED2P,0.143,0
frame_000254_d1_recorte_TrintaDois.jpg,trintaDois,Otsu,,,-1.0,INEED2P,0.000,0
frame_000255_d0_recorte_TrintaDois.jpg,trintaDois,Otsu,BTNEED2PI,BTNEED2PI,-0.8,INEED2P,0.143,0
frame_000255_d1_recorte_TrintaDois.jpg,trintaDois,Otsu,,,-1.0,INEED2P,0.000,0
frame_000256_d0_recorte_TrintaDois.jpg,trintaDois,Otsu,BTNEED2PI,BTNEED2PI,-0.8,INEED2P,0.143,0
frame_000256_d1_recorte_TrintaDois.jpg,trintaDois,Otsu,,,-1.0,INEED2P,0.000,0
frame_000257_d0_recorte_TrintaDois.jpg,trintaDois,Otsu,BTNEED2PI,BTNEED2PI,-0.8,INEED2P,0.143,0
frame_000257_d1_recorte_TrintaDois.jpg,trintaDois,Otsu,,,-1.0,INEED2P,0.000,0
frame_000258_d0_recorte_TrintaDois.jpg,trintaDois,Otsu,BTNEED2PI,BTNEED2PI,-0.8,INEED2P,0.143,0
frame_000258_d1_recorte_TrintaDois.jpg,trintaDois,Otsu,,,-1.0,INEED2P,0.000,0
frame_000259_d0_recorte_TrintaDois.jpg,trintaDois,Otsu,EE,EE,7.6,88B88BB,0.000,0
frame_000260_d0_recorte_TrintaDois.jpg,trintaDois,Otsu,SGBGGBBIE,SGBGGBBIE,-0.8,88B88BB,0.429,0
frame_000261_d0_recorte_TrintaDois.jpg,trintaDois,Otsu,SGBGGBBIE,SGBGGBBIE,-0.8,88B88BB,0.429,0
frame_000262_d0_recorte_TrintaDois.jpg,trintaDois,Otsu,SGBGGBBIE,SGBGGBBIE,-0.8,88B88BB,0.429,0
frame_000263_d0_recorte_TrintaDois.jpg,trintaDois,Otsu,SGBGGBBIE,SGBGGBBIE,-0.8,88B88BB,0.429,0
frame_000264_d0_recorte_TrintaDois.jpg,trintaDois,Otsu,SGBGGBBIE,SGBGGBBIE,-0.8,88B88BB,0.429,0
frame_000265_d0_recorte_TrintaDois.jpg,trintaDois,Otsu,SGBGGBBIE,SGBGGBBIE,-0.8,88B88BB,0.429,0
frame_000266_d0_recorte_TrintaDois.jpg,trintaDois,Otsu,SGBGGBBIE,SGBGGBBIE,-0.8,88B88BB,0.429,0
frame_000267_d0_recorte_TrintaDois.jpg,trintaDois,Otsu,BOGBG0BBIE,BOGBG0BBIE,-0.8,88B88BB,0.143,0
frame_000268_d0_recorte_TrintaDois.jpg,trintaDois,Otsu,BOGBG0BBIE,BOGBG0BBIE,-0.8,88B88BB,0.143,0
frame_000269_d0_recorte_TrintaDois.jpg,trintaDois,Otsu,BOGBG0BBIE,BOGBG0BBIE,-0.8,88B88BB,0.143,0
frame_000270_d0_recorte_TrintaDois.jpg,trintaDois,Otsu,BOGBG0BBIE,BOGBG0BBIE,-0.8,88B88BB,0.143,0
frame_000271_d0_recorte_TrintaDois.jpg,trintaDois,Otsu,BOGBG0BBIE,BOGBG0BBIE,-0.8,88B88BB,0.143,0
frame_000272_d0_recorte_TrintaDois.jpg,trintaDois,Otsu,BOGBG0BBIE,BOGBG0BBIE,-0.8,88B88BB,0.143,0
frame_000273_d0_recorte_TrintaDois.jpg,trintaDois,Otsu,BOGBG0BBIE,BOGBG0BBIE,-0.8,88B88BB,0.143,0
frame_000274_d0_recorte_TrintaDois.jpg,trintaDois,Otsu,BOGBG0BBIE,BOGBG0BBIE,-0.8,88B88BB,0.143,0
frame_000275_d0_recorte_TrintaDois.jpg,trintaDois,Otsu,BOGBG0BBIE,BOGBG0BBIE,-0.8,88B88BB,0.143,0
frame_000276_d0_recorte_TrintaDois.jpg,trintaDois,Otsu,BOGBG0BBIE,BOGBG0BBIE,-0.8,88B88BB,0.143,0
frame_000277_d0_recorte_TrintaDois.jpg,trintaDois,Otsu,BOGBG0BBIE,BOGBG0BBIE,-0.8,88B88BB,0.143,0
frame_000278_d0_recorte_TrintaDois.jpg,trintaDois,Otsu,BOGBG0BBIE,BOGBG0BBIE,-0.8,88B88BB,0.143,0
frame_000279_d0_recorte_TrintaDois.jpg,trintaDois,Otsu,BOGBG0BBIE,BOGBG0BBIE,-0.8,88B88BB,0.143,0
frame_000280_d0_recorte_TrintaDois.jpg,trintaDois,Otsu,BOGBG0BBIE,BOGBG0BBIE,-0.8,88B88BB,0.143,0
frame_000281_d0_recorte_TrintaDois.jpg,trintaDois,Otsu,BOGBG0BBIE,BOGBG0BBIE,-0.8,88B88BB,0.143,0
frame_000282_d0_recorte_TrintaDois.jpg,trintaDois,Otsu,BOGBG0BBIE,BOGBG0BBIE,-0.8,88B88BB,0.143,0
frame_000283_d0_recorte_TrintaDois.jpg,trintaDois,Otsu,BOGBG0BBIE,BOGBG0BBIE,-0.8,88B88BB,0.143,0
frame_000284_d0_recorte_TrintaDois.jpg,trintaDois,Otsu,BOGBG0BBIE,BOGBG0BBIE,-0.8,88B88BB,0.143,0
frame_000285_d0_recorte_TrintaDois.jpg,trintaDois,Otsu,BOGBG0BBIE,BOGBG0BBIE,-0.8,88B88BB,0.143,0
frame_000286_d0_recorte_TrintaDois.jpg,trintaDois,Otsu,BOGBG0BBIE,BOGBG0BBIE,-0.8,88B88BB,0.143,0
frame_000287_d0_recorte_TrintaDois.jpg,trintaDois,Otsu,BOGBG0BBIE,BOGBG0BBIE,-0.8,88B88BB,0.143,0
frame_000288_d0_recorte_TrintaDois.jpg,trintaDois,Otsu,BOGBG0BBIE,BOGBG0BBIE,-0.8,88B88BB,0.143,0
frame_000289_d0_recorte_TrintaDois.jpg,trintaDois,Otsu,BOGBG0BBIE,BOGBG0BBIE,-0.8,88B88BB,0.143,0
frame_000290_d0_recorte_TrintaDois.jpg,trintaDois,Otsu,BOGBG0BBIE,BOGBG0BBIE,-0.8,88B88BB,0.143,0
frame_000291_d0_recorte_TrintaDois.jpg,trintaDois,Otsu,BOGBG0BBIE,BOGBG0BBIE,-0.8,88B88BB,0.143,0
frame_000292_d0_recorte_TrintaDois.jpg,trintaDois,Otsu,BOGBG0BBIE,BOGBG0BBIE,-0.8,88B88BB,0.143,0
frame_000293_d0_recorte_TrintaDois.jpg,trintaDois,Otsu,BOGBG0BBIE,BOGBG0BBIE,-0.8,88B88BB,0.143,0
frame_000294_d0_recorte_TrintaDois.jpg,trintaDois,Otsu,BOGBG0BBIE,BOGBG0BBIE,-0.8,88B88BB,0.143,0
frame_000295_d0_recorte_TrintaDois.jpg,trintaDois,Otsu,OGBG0BBI,OGBG0BBI,-0.8,88B88BB,0.429,0
frame_000296_d0_recorte_TrintaDois.jpg,trintaDois,Otsu,BOGBG0BBIE,BOGBG0BBIE,-0.8,88B88BB,0.143,0
frame_000297_d0_recorte_TrintaDois.jpg,trintaDois,Otsu,BOGBG0BBIE,BOGBG0BBIE,-0.8,88B88BB,0.143,0
frame_000298_d0_recorte_TrintaDois.jpg,trintaDois,Otsu,BOGBG0BBIE,BOGBG0BBIE,-0.8,88B88BB,0.143,0
frame_000299_d0_recorte_TrintaDois.jpg,trintaDois,Otsu,BOGBG0BBIE,BOGBG0BBIE,-0.8,88B88BB,0.143,0
frame_000300_d0_recorte_TrintaDois.jpg,trintaDois,Otsu,BOGBG0BBIE,BOGBG0BBIE,-0.8,88B88BB,0.143,0
frame_000301_d0_recorte_TrintaDois.jpg,trintaDois,Otsu,BOGBG0BBIE,BOGBG0BBIE,-0.8,88B88BB,0.143,0
frame_000302_d0_recorte_TrintaDois.jpg,trintaDois,Otsu,BOGBG0BBIE,BOGBG0BBIE,-0.8,88B88BB,0.143,0
frame_000303_d0_recorte_TrintaDois.jpg,trintaDois,Otsu,BOGBG0BBIE,BOGBG0BBIE,-0.8,88B88BB,0.143,0
frame_000304_d0_recorte_TrintaDois.jpg,trintaDois,Otsu,BOGBG0BBIE,BOGBG0BBIE,-0.8,88B88BB,0.143,0
frame_000305_d0_recorte_TrintaDois.jpg,trintaDois,Otsu,BOGBG0BBIE,BOGBG0BBIE,-0.8,88B88BB,0.143,0
frame_000306_d0_recorte_TrintaDois.jpg,trintaDois,Otsu,BOGBG0BBIE,BOGBG0BBIE,-0.8,88B88BB,0.143,0
frame_000307_d0_recorte_TrintaDois.jpg,trintaDois,Otsu,BOGBG0BBIE,BOGBG0BBIE,-0.8,88B88BB,0.143,0
frame_000000_d0_recorte_TrintaDois.jpg,trintaDois,Adapt,1HONBUHT,1HONBUHT,-0.8,HONDUH,0.000,0
frame_000001_d0_recorte_TrintaDois.jpg,trintaDois,Adapt,AHONBUH,AHONBUH,-0.8,HONDUH,0.000,0
frame_000002_d0_recorte_TrintaDois.jpg,trintaDois,Adapt,AHONBUH,AHONBUH,-0.8,HONDUH,0.000,0
frame_000003_d0_recorte_TrintaDois.jpg,trintaDois,Adapt,AHONBUH,AHONBUH,-0.8,HONDUH,0.000,0
frame_000004_d0_recorte_TrintaDois.jpg,trintaDois,Adapt,AHONBUH,AHONBUH,-0.8,HONDUH,0.000,0
frame_000005_d0_recorte_TrintaDois.jpg,trintaDois,Adapt,AHONBUH,AHONBUH,-0.8,HONDUH,0.000,0
frame_000006_d0_recorte_TrintaDois.jpg,trintaDois,Adapt,AHONBUH,AHONBUH,-0.8,HONDUH,0.000,0
frame_000007_d0_recorte_TrintaDois.jpg,trintaDois,Adapt,AHONBUH,AHONBUH,-0.8,HONDUH,0.000,0
frame_000008_d0_recorte_TrintaDois.jpg,trintaDois,Adapt,AHONBUH,AHONBUH,-0.8,HONDUH,0.000,0
frame_000009_d0_recorte_TrintaDois.jpg,trintaDois,Adapt,AHONBUH,AHONBUH,-0.8,HONDUH,0.000,0
frame_000010_d0_recorte_TrintaDois.jpg,trintaDois,Adapt,AHONBUH,AHONBUH,-0.8,HONDUH,0.000,0
frame_000011_d0_recorte_TrintaDois.jpg,trintaDois,Adapt,AHONBUH,AHONBUH,-0.8,HONDUH,0.000,0
frame_000012_d0_recorte_TrintaDois.jpg,trintaDois,Adapt,AHONBUH,AHONBUH,-0.8,HONDUH,0.000,0
frame_000013_d0_recorte_TrintaDois.jpg,trintaDois,Adapt,AHONBUH,AHONBUH,-0.8,HONDUH,0.000,0
frame_000014_d0_recorte_TrintaDois.jpg,trintaDois,Adapt,AHONBUH,AHONBUH,-0.8,HONDUH,0.000,0
frame_000015_d0_recorte_TrintaDois.jpg,trintaDois,Adapt,AHONBUH,AHONBUH,-0.8,HONDUH,0.000,0
frame_000016_d0_recorte_TrintaDois.jpg,trintaDois,Adapt,AHONBUH,AHONBUH,-0.8,HONDUH,0.000,0
frame_000017_d0_recorte_TrintaDois.jpg,trintaDois,Adapt,AHONBUH,AHONBUH,-0.8,HONDUH,0.000,0
frame_000018_d0_recorte_TrintaDois.jpg,trintaDois,Adapt,AHONBUH,AHONBUH,-0.8,HONDUH,0.000,0
frame_000019_d0_recorte_TrintaDois.jpg,trintaDois,Adapt,AHONBUH,AHONBUH,-0.8,HONDUH,0.000,0
frame_000021_d0_recorte_TrintaDois.jpg,trintaDois,Adapt,TIHELESS,TIHELESS,-0.8,TIMELESS,0.875,0
frame_000022_d0_recorte_TrintaDois.jpg,trintaDois,Adapt,TTHELESS,TTHELESS,-0.8,TIMELESS,0.750,0
frame_000023_d0_recorte_TrintaDois.jpg,trintaDois,Adapt,TTHELESS,TTHELESS,-0.8,TIMELESS,0.750,0
frame_000024_d0_recorte_TrintaDois.jpg,trintaDois,Adapt,TTHELESS,TTHELESS,-0.8,TIMELESS,0.750,0
frame_000025_d0_recorte_TrintaDois.jpg,trintaDois,Adapt,TTHELESS,TTHELESS,-0.8,TIMELESS,0.750,0
frame_000026_d0_recorte_TrintaDois.jpg,trintaDois,Adapt,TTHELESS,TTHELESS,-0.8,TIMELESS,0.750,0
frame_000027_d0_recorte_TrintaDois.jpg,trintaDois,Adapt,TTHELESS,TTHELESS,-0.8,TIMELESS,0.750,0
frame_000028_d0_recorte_TrintaDois.jpg,trintaDois,Adapt,TTHELESS,TTHELESS,-0.8,TIMELESS,0.750,0
frame_000029_d0_recorte_TrintaDois.jpg,trintaDois,Adapt,TTHELESS,TTHELESS,-0.8,TIMELESS,0.750,0
frame_000030_d0_recorte_TrintaDois.jpg,trintaDois,Adapt,TTHELESS,TTHELESS,-0.8,TIMELESS,0.750,0
frame_000031_d0_recorte_TrintaDois.jpg,trintaDois,Adapt,TTHELESS,TTHELESS,-0.8,TIMELESS,0.750,0
frame_000032_d0_recorte_TrintaDois.jpg,trintaDois,Adapt,TTHELESS,TTHELESS,-0.8,TIMELESS,0.750,0
frame_000033_d0_recorte_TrintaDois.jpg,trintaDois,Adapt,TTHELESS,TTHELESS,-0.8,TIMELESS,0.750,0
frame_000034_d0_recorte_TrintaDois.jpg,trintaDois,Adapt,TTHELESS,TTHELESS,-0.8,TIMELESS,0.750,0
frame_000035_d0_recorte_TrintaDois.jpg,trintaDois,Adapt,TTHELESS,TTHELESS,-0.8,TIMELESS,0.750,0
frame_000036_d0_recorte_TrintaDois.jpg,trintaDois,Adapt,TTHELESS,TTHELESS,-0.8,TIMELESS,0.750,0
frame_000037_d0_recorte_TrintaDois.jpg,trintaDois,Adapt,TTHELESS,TTHELESS,-0.8,TIMELESS,0.750,0
frame_000038_d0_recorte_TrintaDois.jpg,trintaDois,Adapt,TTHELESS,TTHELESS,-0.8,TIMELESS,0.750,0
frame_000039_d0_recorte_TrintaDois.jpg,trintaDois,Adapt,TTHELESS,TTHELESS,-0.8,TIMELESS,0.750,0
frame_000040_d0_recorte_TrintaDois.jpg,trintaDois,Adapt,TTHELESS,TTHELESS,-0.8,TIMELESS,0.750,0
frame_000041_d0_recorte_TrintaDois.jpg,trintaDois,Adapt,TTHELESS,TTHELESS,-0.8,TIMELESS,0.750,0
frame_000042_d0_recorte_TrintaDois.jpg,trintaDois,Adapt,TTHELESS,TTHELESS,-0.8,TIMELESS,0.750,0
frame_000043_d0_recorte_TrintaDois.jpg,trintaDois,Adapt,HEWAB,HEWAB,-0.8,EEWABUG,0.571,0
frame_000044_d0_recorte_TrintaDois.jpg,trintaDois,Adapt,HEWAB,HEWAB,-0.8,EEWABUG,0.571,0
frame_000045_d0_recorte_TrintaDois.jpg,trintaDois,Adapt,HEWAB,HEWAB,-0.8,EEWABUG,0.571,0
frame_000046_d0_recorte_TrintaDois.jpg,trintaDois,Adapt,HEWAB,HEWAB,-0.8,EEWABUG,0.571,0
frame_000047_d0_recorte_TrintaDois.jpg,trintaDois,Adapt,HEWAB,HEWAB,-0.8,EEWABUG,0.571,0
frame_000048_d0_recorte_TrintaDois.jpg,trintaDois,Adapt,HEWAB,HEWAB,-0.8,EEWABUG,0.571,0
frame_000049_d0_recorte_TrintaDois.jpg,trintaDois,Adapt,HEWAB,HEWAB,-0.8,EEWABUG,0.571,0
frame_000050_d0_recorte_TrintaDois.jpg,trintaDois,Adapt,HEWAB,HEWAB,-0.8,EEWABUG,0.571,0
frame_000051_d0_recorte_TrintaDois.jpg,trintaDois,Adapt,HEWAB,HEWAB,-0.8,EEWABUG,0.571,0
frame_000052_d0_recorte_TrintaDois.jpg,trintaDois,Adapt,HEWAB,HEWAB,-0.8,EEWABUG,0.571,0
frame_000053_d0_recorte_TrintaDois.jpg,trintaDois,Adapt,HEWAB,HEWAB,-0.8,EEWABUG,0.571,0
frame_000054_d0_recorte_TrintaDois.jpg,trintaDois,Adapt,,,-1.0,EEWABUG,0.000,0
frame_000055_d0_recorte_TrintaDois.jpg,trintaDois,Adapt,,,-1.0,EEWABUG,0.000,0
frame_000056_d0_recorte_TrintaDois.jpg,trintaDois,Adapt,,,-1.0,EEWABUG,0.000,0
frame_000057_d0_recorte_TrintaDois.jpg,trintaDois,Adapt,,,-1.0,EEWABUG,0.000,0
frame_000058_d0_recorte_TrintaDois.jpg,trintaDois,Adapt,,,-1.0,EEWABUG,0.000,0
frame_000059_d0_recorte_TrintaDois.jpg,trintaDois,Adapt,,,-1.0,EEWABUG,0.000,0
frame_000060_d0_recorte_TrintaDois.jpg,trintaDois,Adapt,,,-1.0,EEWABUG,0.000,0
frame_000061_d0_recorte_TrintaDois.jpg,trintaDois,Adapt,PIKACHU,PIKACHU,-0.8,PIKACHU,1.000,1
frame_000062_d0_recorte_TrintaDois.jpg,trintaDois,Adapt,PIKACHU,PIKACHU,-0.8,PIKACHU,1.000,1
frame_000063_d0_recorte_TrintaDois.jpg,trintaDois,Adapt,PIKACHU,PIKACHU,-0.8,PIKACHU,1.000,1
frame_000064_d0_recorte_TrintaDois.jpg,trintaDois,Adapt,PIKACHU,PIKACHU,-0.8,PIKACHU,1.000,1
frame_000065_d0_recorte_TrintaDois.jpg,trintaDois,Adapt,PIKACHU,PIKACHU,-0.8,PIKACHU,1.000,1
frame_000066_d0_recorte_TrintaDois.jpg,trintaDois,Adapt,PIKACHU,PIKACHU,-0.8,PIKACHU,1.000,1
frame_000067_d0_recorte_TrintaDois.jpg,trintaDois,Adapt,PIKACHU,PIKACHU,-0.8,PIKACHU,1.000,1
frame_000068_d0_recorte_TrintaDois.jpg,trintaDois,Adapt,PIKACHU,PIKACHU,-0.8,PIKACHU,1.000,1
frame_000069_d0_recorte_TrintaDois.jpg,trintaDois,Adapt,PIKACHU,PIKACHU,-0.8,PIKACHU,1.000,1
frame_000070_d0_recorte_TrintaDois.jpg,trintaDois,Adapt,PIKACHU,PIKACHU,-0.8,PIKACHU,1.000,1
frame_000071_d0_recorte_TrintaDois.jpg,trintaDois,Adapt,PIKACHU,PIKACHU,-0.8,PIKACHU,1.000,1
frame_000072_d0_recorte_TrintaDois.jpg,trintaDois,Adapt,PIKACHU,PIKACHU,-0.8,PIKACHU,1.000,1
frame_000073_d0_recorte_TrintaDois.jpg,trintaDois,Adapt,PIKACHU,PIKACHU,-0.8,PIKACHU,1.000,1
frame_000074_d0_recorte_TrintaDois.jpg,trintaDois,Adapt,PIKACHU,PIKACHU,-0.8,PIKACHU,1.000,1
frame_000075_d0_recorte_TrintaDois.jpg,trintaDois,Adapt,PIKACHU,PIKACHU,-0.8,PIKACHU,1.000,1
frame_000076_d0_recorte_TrintaDois.jpg,trintaDois,Adapt,PIKACHU,PIKACHU,-0.8,PIKACHU,1.000,1
frame_000077_d0_recorte_TrintaDois.jpg,trintaDois,Adapt,PIKACHU,PIKACHU,-0.8,PIKACHU,1.000,1
frame_000078_d0_recorte_TrintaDois.jpg,trintaDois,Adapt,PIKACHU,PIKACHU,-0.8,PIKACHU,1.000,1
frame_000079_d0_recorte_TrintaDois.jpg,trintaDois,Adapt,PIKACHU,PIKACHU,-0.8,PIKACHU,1.000,1
frame_000080_d0_recorte_TrintaDois.jpg,trintaDois,Adapt,PT,PT,-0.8,OHIFIT,0.000,0
frame_000081_d0_recorte_TrintaDois.jpg,trintaDois,Adapt,PT,PT,-0.8,OHIFIT,0.000,0
frame_000082_d0_recorte_TrintaDois.jpg,trintaDois,Adapt,PT,PT,-0.8,OHIFIT,0.000,0
frame_000083_d0_recorte_TrintaDois.jpg,trintaDois,Adapt,PT,PT,-0.8,OHIFIT,0.000,0
frame_000084_d0_recorte_TrintaDois.jpg,trintaDois,Adapt,PT,PT,-0.8,OHIFIT,0.000,0
frame_000085_d0_recorte_TrintaDois.jpg,trintaDois,Adapt,PT,PT,-0.8,OHIFIT,0.000,0
frame_000086_d0_recorte_TrintaDois.jpg,trintaDois,Adapt,PT,PT,-0.8,OHIFIT,0.000,0
frame_000087_d0_recorte_TrintaDois.jpg,trintaDois,Adapt,PT,PT,-0.8,OHIFIT,0.000,0
frame_000088_d0_recorte_TrintaDois.jpg,trintaDois,Adapt,PT,PT,-0.8,OHIFIT,0.000,0
frame_000089_d0_recorte_TrintaDois.jpg,trintaDois,Adapt,PT,PT,-0.8,OHIFIT,0.000,0
frame_000090_d0_recorte_TrintaDois.jpg,trintaDois,Adapt,PT,PT,-0.8,OHIFIT,0.000,0
frame_000091_d0_recorte_TrintaDois.jpg,trintaDois,Adapt,PT,PT,-0.8,OHIFIT,0.000,0
frame_000092_d0_recorte_TrintaDois.jpg,trintaDois,Adapt,PT,PT,-0.8,OHIFIT,0.000,0
frame_000093_d0_recorte_TrintaDois.jpg,trintaDois,Adapt,PT,PT,-0.8,OHIFIT,0.000,0
frame_000094_d0_recorte_TrintaDois.jpg,trintaDois,Adapt,PT,PT,-0.8,OHIFIT,0.000,0
frame_000095_d0_recorte_TrintaDois.jpg,trintaDois,Adapt,PT,PT,-0.8,OHIFIT,0.000,0
frame_000096_d0_recorte_TrintaDois.jpg,trintaDois,Adapt,PT,PT,-0.8,OHIFIT,0.000,0
frame_000097_d0_recorte_TrintaDois.jpg,trintaDois,Adapt,PT,PT,-0.8,OHIFIT,0.000,0
frame_000098_d0_recorte_TrintaDois.jpg,trintaDois,Adapt,PT,PT,-0.8,OHIFIT,0.000,0
frame_000099_d0_recorte_TrintaDois.jpg,trintaDois,Adapt,PT,PT,-0.8,OHIFIT,0.000,0
frame_000100_d0_recorte_TrintaDois.jpg,trintaDois,Adapt,PT,PT,-0.8,OHIFIT,0.000,0
frame_000101_d0_recorte_TrintaDois.jpg,trintaDois,Adapt,SCT,SCT,-0.8,EWGAS,0.000,0
frame_000102_d0_recorte_TrintaDois.jpg,trintaDois,Adapt,RGIS,RGIS,-0.8,EWGAS,0.000,0
frame_000103_d0_recorte_TrintaDois.jpg,trintaDois,Adapt,RGIS,RGIS,-0.8,EWGAS,0.000,0
frame_000104_d0_recorte_TrintaDois.jpg,trintaDois,Adapt,RGIS,RGIS,-0.8,EWGAS,0.000,0
frame_000105_d0_recorte_TrintaDois.jpg,trintaDois,Adapt,RGIS,RGIS,-0.8,EWGAS,0.000,0
frame_000106_d0_recorte_TrintaDois.jpg,trintaDois,Adapt,RGIS,RGIS,-0.8,EWGAS,0.000,0
frame_000107_d0_recorte_TrintaDois.jpg,trintaDois,Adapt,TT,TT,2.4,EWGAS,0.000,0
frame_000108_d0_recorte_TrintaDois.jpg,trintaDois,Adapt,TT,TT,2.4,EWGAS,0.000,0
frame_000109_d0_recorte_TrintaDois.jpg,trintaDois,Adapt,TT,TT,2.4,EWGAS,0.000,0
frame_000110_d0_recorte_TrintaDois.jpg,trintaDois,Adapt,TT,TT,2.4,EWGAS,0.000,0
frame_000111_d0_recorte_TrintaDois.jpg,trintaDois,Adapt,TT,TT,2.4,EWGAS,0.000,0
frame_000112_d0_recorte_TrintaDois.jpg,trintaDois,Adapt,TT,TT,2.4,EWGAS,0.000,0
frame_000113_d0_recorte_TrintaDois.jpg,trintaDois,Adapt,TT,TT,2.4,EWGAS,0.000,0
frame_000114_d0_recorte_TrintaDois.jpg,trintaDois,Adapt,TT,TT,2.4,EWGAS,0.000,0
frame_000115_d0_recorte_TrintaDois.jpg,trintaDois,Adapt,TT,TT,2.4,EWGAS,0.000,0
frame_000116_d0_recorte_TrintaDois.jpg,trintaDois,Adapt,TT,TT,2.4,EWGAS,0.000,0
frame_000117_d0_recorte_TrintaDois.jpg,trintaDois,Adapt,TT,TT,2.4,EWGAS,0.000,0
frame_000118_d0_recorte_TrintaDois.jpg,trintaDois,Adapt,1OFZELDA,1OFZELDA,-0.8,OFZELDA,0.000,0
frame_000119_d0_recorte_TrintaDois.jpg,trintaDois,Adapt,1OFZELDA,1OFZELDA,-0.8,OFZELDA,0.000,0
frame_000120_d0_recorte_TrintaDois.jpg,trintaDois,Adapt,1OFZELDA,1OFZELDA,-0.8,OFZELDA,0.000,0
frame_000121_d0_recorte_TrintaDois.jpg,trintaDois,Adapt,1OFZELDA,1OFZELDA,-0.8,OFZELDA,0.000,0
frame_000122_d0_recorte_TrintaDois.jpg,trintaDois,Adapt,1OFZELDA,1OFZELDA,-0.8,OFZELDA,0.000,0
frame_000123_d0_recorte_TrintaDois.jpg,trintaDois,Adapt,1OFZELDA,1OFZELDA,-0.8,OFZELDA,0.000,0
frame_000124_d0_recorte_TrintaDois.jpg,trintaDois,Adapt,1OFZELDA,1OFZELDA,-0.8,OFZELDA,0.000,0
frame_000125_d0_recorte_TrintaDois.jpg,trintaDois,Adapt,1OFZELDA,1OFZELDA,-0.8,OFZELDA,0.000,0
frame_000126_d0_recorte_TrintaDois.jpg,trintaDois,Adapt,1OFZELDA,1OFZELDA,-0.8,OFZELDA,0.000,0
frame_000127_d0_recorte_TrintaDois.jpg,trintaDois,Adapt,1OFZELDA,1OFZELDA,-0.8,OFZELDA,0.000,0
frame_000128_d0_recorte_TrintaDois.jpg,trintaDois,Adapt,1OFZELDA,1OFZELDA,-0.8,OFZELDA,0.000,0
frame_000129_d0_recorte_TrintaDois.jpg,trintaDois,Adapt,1OFZELDA,1OFZELDA,-0.8,OFZELDA,0.000,0
frame_000130_d0_recorte_TrintaDois.jpg,trintaDois,Adapt,1OFZELDA,1OFZELDA,-0.8,OFZELDA,0.000,0
frame_000131_d0_recorte_TrintaDois.jpg,trintaDois,Adapt,1OFZELDA,1OFZELDA,-0.8,OFZELDA,0.000,0
frame_000132_d0_recorte_TrintaDois.jpg,trintaDois,Adapt,1OFZELDA,1OFZELDA,-0.8,OFZELDA,0.000,0
frame_000133_d0_recorte_TrintaDois.jpg,trintaDois,Adapt,1OFZELDA,1OFZELDA,-0.8,OFZELDA,0.000,0
frame_000134_d0_recorte_TrintaDois.jpg,trintaDois,Adapt,1OFZELDA,1OFZELDA,-0.8,OFZELDA,0.000,0
frame_000135_d0_recorte_TrintaDois.jpg,trintaDois,Adapt,1OFZELDA,1OFZELDA,-0.8,OFZELDA,0.000,0
frame_000136_d0_recorte_TrintaDois.jpg,trintaDois,Adapt,1OFZELDA,1OFZELDA,-0.8,OFZELDA,0.000,0
frame_000137_d0_recorte_TrintaDois.jpg,trintaDois,Adapt,1OFZELDA,1OFZELDA,-0.8,OFZELDA,0.000,0
frame_000138_d0_recorte_TrintaDois.jpg,trintaDois,Adapt,1OFZELDA,1OFZELDA,-0.8,OFZELDA,0.000,0
frame_000139_d0_recorte_TrintaDois.jpg,trintaDois,Adapt,1OFZELDA,1OFZELDA,-0.8,OFZELDA,0.000,0
frame_000140_d0_recorte_TrintaDois.jpg,trintaDois,Adapt,1OFZELDA,1OFZELDA,-0.8,OFZELDA,0.000,0
frame_000141_d0_recorte_TrintaDois.jpg,trintaDois,Adapt,1OFZELDA,1OFZELDA,-0.8,OFZELDA,0.000,0
frame_000142_d0_recorte_TrintaDois.jpg,trintaDois,Adapt,1OFZELDA,1OFZELDA,-0.8,OFZELDA,0.000,0
frame_000143_d0_recorte_TrintaDois.jpg,trintaDois,Adapt,1OFZELDA,1OFZELDA,-0.8,OFZELDA,0.000,0
frame_000144_d0_recorte_TrintaDois.jpg,trintaDois,Adapt,1OFZELDA,1OFZELDA,-0.8,OFZELDA,0.000,0
frame_000145_d0_recorte_TrintaDois.jpg,trintaDois,Adapt,1OFZELDA,1OFZELDA,-0.8,OFZELDA,0.000,0
frame_000146_d0_recorte_TrintaDois.jpg,trintaDois,Adapt,VBV40K,VBV40K,-0.8,BYE4O1K,0.143,0
frame_000147_d0_recorte_TrintaDois.jpg,trintaDois,Adapt,VBV40K,VBV40K,-0.8,BYE4O1K,0.143,0
frame_000148_d0_recorte_TrintaDois.jpg,trintaDois,Adapt,VBV40K,VBV40K,-0.8,BYE4O1K,0.143,0
frame_000149_d0_recorte_TrintaDois.jpg,trintaDois,Adapt,VBV40K,VBV40K,-0.8,BYE4O1K,0.143,0
frame_000150_d0_recorte_TrintaDois.jpg,trintaDois,Adapt,VBV40K,VBV40K,-0.8,BYE4O1K,0.143,0
frame_000151_d0_recorte_TrintaDois.jpg,trintaDois,Adapt,VBV40K,VBV40K,-0.8,BYE4O1K,0.143,0
frame_000152_d0_recorte_TrintaDois.jpg,trintaDois,Adapt,VBV40K,VBV40K,-0.8,BYE4O1K,0.143,0
frame_000153_d0_recorte_TrintaDois.jpg,trintaDois,Adapt,VBV40K,VBV40K,-0.8,BYE4O1K,0.143,0
frame_000154_d0_recorte_TrintaDois.jpg,trintaDois,Adapt,VBV40K,VBV40K,-0.8,BYE4O1K,0.143,0
frame_000155_d0_recorte_TrintaDois.jpg,trintaDois,Adapt,VBV40K,VBV40K,-0.8,BYE4O1K,0.143,0
frame_000156_d0_recorte_TrintaDois.jpg,trintaDois,Adapt,VBV40K,VBV40K,-0.8,BYE4O1K,0.143,0
frame_000157_d0_recorte_TrintaDois.jpg,trintaDois,Adapt,VBV40K,VBV40K,-0.8,BYE4O1K,0.143,0
frame_000158_d0_recorte_TrintaDois.jpg,trintaDois,Adapt,VBV40K,VBV40K,-0.8,BYE4O1K,0.143,0
frame_000159_d0_recorte_TrintaDois.jpg,trintaDois,Adapt,VBV40K,VBV40K,-0.8,BYE4O1K,0.143,0
frame_000160_d0_recorte_TrintaDois.jpg,trintaDois,Adapt,WE0K,WE0K,-0.8,BYE4O1K,0.000,0
frame_000161_d0_recorte_TrintaDois.jpg,trintaDois,Adapt,0RUAHAH,0RUAHAH,-0.8,MUAHAHA,0.000,0
frame_000162_d0_recorte_TrintaDois.jpg,trintaDois,Adapt,0RUAHAH,0RUAHAH,-0.8,MUAHAHA,0.000,0
frame_000163_d0_recorte_TrintaDois.jpg,trintaDois,Adapt,0RUAHAH,0RUAHAH,-0.8,MUAHAHA,0.000,0
frame_000164_d0_recorte_TrintaDois.jpg,trintaDois,Adapt,0RUAHAH,0RUAHAH,-0.8,MUAHAHA,0.000,0
frame_000165_d0_recorte_TrintaDois.jpg,trintaDois,Adapt,0RUAHAH,0RUAHAH,-0.8,MUAHAHA,0.000,0
frame_000166_d0_recorte_TrintaDois.jpg,trintaDois,Adapt,0RUAHAH,0RUAHAH,-0.8,MUAHAHA,0.000,0
frame_000167_d0_recorte_TrintaDois.jpg,trintaDois,Adapt,0RUAHAH,0RUAHAH,-0.8,MUAHAHA,0.000,0
frame_000168_d0_recorte_TrintaDois.jpg,trintaDois,Adapt,0RUAHAH,0RUAHAH,-0.8,MUAHAHA,0.000,0
frame_000169_d0_recorte_TrintaDois.jpg,trintaDois,Adapt,0RUAHAH,0RUAHAH,-0.8,MUAHAHA,0.000,0
frame_000170_d0_recorte_TrintaDois.jpg,trintaDois,Adapt,0RUAHAH,0RUAHAH,-0.8,MUAHAHA,0.000,0
frame_000171_d0_recorte_TrintaDois.jpg,trintaDois,Adapt,0RUAHAH,0RUAHAH,-0.8,MUAHAHA,0.000,0
frame_000172_d0_recorte_TrintaDois.jpg,trintaDois,Adapt,0RUAHAH,0RUAHAH,-0.8,MUAHAHA,0.000,0
frame_000173_d0_recorte_TrintaDois.jpg,trintaDois,Adapt,0RUAHAH,0RUAHAH,-0.8,MUAHAHA,0.000,0
frame_000174_d0_recorte_TrintaDois.jpg,trintaDois,Adapt,0RUAHAH,0RUAHAH,-0.8,MUAHAHA,0.000,0
frame_000175_d0_recorte_TrintaDois.jpg,trintaDois,Adapt,0RUAHAH,0RUAHAH,-0.8,MUAHAHA,0.000,0
frame_000176_d0_recorte_TrintaDois.jpg,trintaDois,Adapt,0RUAHAH,0RUAHAH,-0.8,MUAHAHA,0.000,0
frame_000177_d0_recorte_TrintaDois.jpg,trintaDois,Adapt,0RUAHAH,0RUAHAH,-0.8,MUAHAHA,0.000,0
frame_000178_d0_recorte_TrintaDois.jpg,trintaDois,Adapt,0RUAHAH,0RUAHAH,-0.8,MUAHAHA,0.000,0
frame_000179_d0_recorte_TrintaDois.jpg,trintaDois,Adapt,0RUAHAH,0RUAHAH,-0.8,MUAHAHA,0.000,0
frame_000180_d0_recorte_TrintaDois.jpg,trintaDois,Adapt,0RUAHAH,0RUAHAH,-0.8,MUAHAHA,0.000,0
frame_000181_d0_recorte_TrintaDois.jpg,trintaDois,Adapt,0RUAHAH,0RUAHAH,-0.8,MUAHAHA,0.000,0
frame_000182_d0_recorte_TrintaDois.jpg,trintaDois,Adapt,0RUAHAH,0RUAHAH,-0.8,MUAHAHA,0.000,0
frame_000183_d0_recorte_TrintaDois.jpg,trintaDois,Adapt,0RUAHAH,0RUAHAH,-0.8,MUAHAHA,0.000,0
frame_000184_d0_recorte_TrintaDois.jpg,trintaDois,Adapt,TE,TE,-0.8,ORINNIE,0.000,0
frame_000185_d0_recorte_TrintaDois.jpg,trintaDois,Adapt,TE,TE,-0.8,ORINNIE,0.000,0
frame_000186_d0_recorte_TrintaDois.jpg,trintaDois,Adapt,TE,TE,-0.8,ORINNIE,0.000,0
frame_000187_d0_recorte_TrintaDois.jpg,trintaDois,Adapt,TE,TE,-0.8,ORINNIE,0.000,0
frame_000188_d0_recorte_TrintaDois.jpg,trintaDois,Adapt,TE,TE,-0.8,ORINNIE,0.000,0
frame_000189_d0_recorte_TrintaDois.jpg,trintaDois,Adapt,TE,TE,-0.8,ORINNIE,0.000,0
frame_000190_d0_recorte_TrintaDois.jpg,trintaDois,Adapt,TE,TE,-0.8,ORINNIE,0.000,0
frame_000191_d0_recorte_TrintaDois.jpg,trintaDois,Adapt,TE,TE,-0.8,ORINNIE,0.000,0
frame_000192_d0_recorte_TrintaDois.jpg,trintaDois,Adapt,TE,TE,-0.8,ORINNIE,0.000,0
frame_000193_d0_recorte_TrintaDois.jpg,trintaDois,Adapt,TE,TE,-0.8,ORINNIE,0.000,0
frame_000194_d0_recorte_TrintaDois.jpg,trintaDois,Adapt,TE,TE,-0.8,ORINNIE,0.000,0
frame_000195_d0_recorte_TrintaDois.jpg,trintaDois,Adapt,TE,TE,-0.8,ORINNIE,0.000,0
frame_000196_d0_recorte_TrintaDois.jpg,trintaDois,Adapt,TE,TE,-0.8,ORINNIE,0.000,0
frame_000197_d0_recorte_TrintaDois.jpg,trintaDois,Adapt,TE,TE,-0.8,ORINNIE,0.000,0
frame_000198_d0_recorte_TrintaDois.jpg,trintaDois,Adapt,TE,TE,-0.8,ORINNIE,0.000,0
frame_000199_d0_recorte_TrintaDois.jpg,trintaDois,Adapt,TE,TE,-0.8,ORINNIE,0.000,0
frame_000200_d0_recorte_TrintaDois.jpg,trintaDois,Adapt,TE,TE,-0.8,ORINNIE,0.000,0
frame_000201_d0_recorte_TrintaDois.jpg,trintaDois,Adapt,TE,TE,-0.8,ORINNIE,0.000,0
frame_000202_d0_recorte_TrintaDois.jpg,trintaDois,Adapt,TE,TE,-0.8,ORINNIE,0.000,0
frame_000203_d0_recorte_TrintaDois.jpg,trintaDois,Adapt,NBEYOND,NBEYOND,-0.8,NBEYOND,1.000,1
frame_000204_d0_recorte_TrintaDois.jpg,trintaDois,Adapt,NBEYOND,NBEYOND,-0.8,NBEYOND,1.000,1
frame_000205_d0_recorte_TrintaDois.jpg,trintaDois,Adapt,NBEYOND,NBEYOND,-0.8,NBEYOND,1.000,1
frame_000206_d0_recorte_TrintaDois.jpg,trintaDois,Adapt,NBEYOND,NBEYOND,-0.8,NBEYOND,1.000,1
frame_000207_d0_recorte_TrintaDois.jpg,trintaDois,Adapt,NBEYOND,NBEYOND,-0.8,NBEYOND,1.000,1
frame_000208_d0_recorte_TrintaDois.jpg,trintaDois,Adapt,NBEYOND,NBEYOND,-0.8,NBEYOND,1.000,1
frame_000209_d0_recorte_TrintaDois.jpg,trintaDois,Adapt,NBEYOND,NBEYOND,-0.8,NBEYOND,1.000,1
frame_000210_d0_recorte_TrintaDois.jpg,trintaDois,Adapt,NBEYOND,NBEYOND,-0.8,NBEYOND,1.000,1
frame_000211_d0_recorte_TrintaDois.jpg,trintaDois,Adapt,NBEYOND,NBEYOND,-0.8,NBEYOND,1.000,1
frame_000212_d0_recorte_TrintaDois.jpg,trintaDois,Adapt,NBEYOND,NBEYOND,-0.8,NBEYOND,1.000,1
frame_000213_d0_recorte_TrintaDois.jpg,trintaDois,Adapt,NBEYOND,NBEYOND,-0.8,NBEYOND,1.000,1
frame_000214_d0_recorte_TrintaDois.jpg,trintaDois,Adapt,FNBEYONDY,FNBEYONDY,1.6,NBEYOND,0.000,0
frame_000215_d0_recorte_TrintaDois.jpg,trintaDois,Adapt,FNBEYONDY,FNBEYONDY,1.6,NBEYOND,0.000,0
frame_000216_d0_recorte_TrintaDois.jpg,trintaDois,Adapt,FNBEYONDY,FNBEYONDY,1.6,NBEYOND,0.000,0
frame_000217_d0_recorte_TrintaDois.jpg,trintaDois,Adapt,FNBEYONDY,FNBEYONDY,1.6,NBEYOND,0.000,0
frame_000218_d0_recorte_TrintaDois.jpg,trintaDois,Adapt,FNBEYONDY,FNBEYONDY,1.6,NBEYOND,0.000,0
frame_000219_d0_recorte_TrintaDois.jpg,trintaDois,Adapt,FNBEYONDY,FNBEYONDY,1.6,NBEYOND,0.000,0
frame_000220_d0_recorte_TrintaDois.jpg,trintaDois,Adapt,FNBEYONDY,FNBEYONDY,1.6,NBEYOND,0.000,0
frame_000221_d0_recorte_TrintaDois.jpg,trintaDois,Adapt,FNBEYONDY,FNBEYONDY,1.6,NBEYOND,0.000,0
frame_000222_d0_recorte_TrintaDois.jpg,trintaDois,Adapt,FNBEYONDY,FNBEYONDY,1.6,NBEYOND,0.000,0
frame_000223_d0_recorte_TrintaDois.jpg,trintaDois,Adapt,FNBEYONDY,FNBEYONDY,1.6,NBEYOND,0.000,0
frame_000224_d0_recorte_TrintaDois.jpg,trintaDois,Adapt,FNBEYONDY,FNBEYONDY,1.6,NBEYOND,0.000,0
frame_000225_d0_recorte_TrintaDois.jpg,trintaDois,Adapt,TOYYODA,TOYYODA,-0.8,TOYYODA,1.000,1
frame_000226_d0_recorte_TrintaDois.jpg,trintaDois,Adapt,TOYYODA,TOYYODA,-0.8,TOYYODA,1.000,1
frame_000227_d0_recorte_TrintaDois.jpg,trintaDois,Adapt,TOYYODA,TOYYODA,-0.8,TOYYODA,1.000,1
frame_000228_d0_recorte_TrintaDois.jpg,trintaDois,Adapt,TOYYODA,TOYYODA,-0.8,TOYYODA,1.000,1
frame_000229_d0_recorte_TrintaDois.jpg,trintaDois,Adapt,TOYYODA,TOYYODA,-0.8,TOYYODA,1.000,1
frame_000230_d0_recorte_TrintaDois.jpg,trintaDois,Adapt,TOYYODA,TOYYODA,-0.8,TOYYODA,1.000,1
frame_000231_d0_recorte_TrintaDois.jpg,trintaDois,Adapt,TOYYODA,TOYYODA,-0.8,TOYYODA,1.000,1
frame_000232_d0_recorte_TrintaDois.jpg,trintaDois,Adapt,TOYYODA,TOYYODA,-0.8,TOYYODA,1.000,1
frame_000233_d0_recorte_TrintaDois.jpg,trintaDois,Adapt,TOYYODA,TOYYODA,-0.8,TOYYODA,1.000,1
frame_000234_d0_recorte_TrintaDois.jpg,trintaDois,Adapt,TOYYODA,TOYYODA,-0.8,TOYYODA,1.000,1
frame_000235_d0_recorte_TrintaDois.jpg,trintaDois,Adapt,TOYYODA,TOYYODA,-0.8,TOYYODA,1.000,1
frame_000236_d0_recorte_TrintaDois.jpg,trintaDois,Adapt,TOYYODA,TOYYODA,-0.8,TOYYODA,1.000,1
frame_000237_d0_recorte_TrintaDois.jpg,trintaDois,Adapt,TOYYODA,TOYYODA,-0.8,TOYYODA,1.000,1
frame_000238_d0_recorte_TrintaDois.jpg,trintaDois,Adapt,TOYYODA,TOYYODA,-0.8,TOYYODA,1.000,1
frame_000239_d0_recorte_TrintaDois.jpg,trintaDois,Adapt,TOYYODA,TOYYODA,-0.8,TOYYODA,1.000,1
frame_000240_d0_recorte_TrintaDois.jpg,trintaDois,Adapt,TOYYODA,TOYYODA,-0.8,TOYYODA,1.000,1
frame_000241_d0_recorte_TrintaDois.jpg,trintaDois,Adapt,TOYYODA,TOYYODA,-0.8,TOYYODA,1.000,1
frame_000242_d0_recorte_TrintaDois.jpg,trintaDois,Adapt,TOYYODA,TOYYODA,-0.8,TOYYODA,1.000,1
frame_000243_d0_recorte_TrintaDois.jpg,trintaDois,Adapt,TOYYODA,TOYYODA,-0.8,TOYYODA,1.000,1
frame_000244_d0_recorte_TrintaDois.jpg,trintaDois,Adapt,ATNEED2P,ATNEED2P,-0.8,INEED2P,0.143,0
frame_000244_d1_recorte_TrintaDois.jpg,trintaDois,Adapt,OO,OO,-0.8,INEED2P,0.000,0
frame_000245_d0_recorte_TrintaDois.jpg,trintaDois,Adapt,TTNEED2P,TTNEED2P,-0.8,INEED2P,0.143,0
frame_000245_d1_recorte_TrintaDois.jpg,trintaDois,Adapt,OO,OO,-0.8,INEED2P,0.000,0
frame_000246_d0_recorte_TrintaDois.jpg,trintaDois,Adapt,TTNEED2P,TTNEED2P,-0.8,INEED2P,0.143,0
frame_000246_d1_recorte_TrintaDois.jpg,trintaDois,Adapt,OO,OO,-0.8,INEED2P,0.000,0
frame_000247_d0_recorte_TrintaDois.jpg,trintaDois,Adapt,TTNEED2P,TTNEED2P,-0.8,INEED2P,0.143,0
frame_000247_d1_recorte_TrintaDois.jpg,trintaDois,Adapt,OO,OO,-0.8,INEED2P,0.000,0
frame_000248_d0_recorte_TrintaDois.jpg,trintaDois,Adapt,TTNEED2P,TTNEED2P,-0.8,INEED2P,0.143,0
frame_000248_d1_recorte_TrintaDois.jpg,trintaDois,Adapt,OO,OO,-0.8,INEED2P,0.000,0
frame_000249_d0_recorte_TrintaDois.jpg,trintaDois,Adapt,TTNEED2P,TTNEED2P,-0.8,INEED2P,0.143,0
frame_000249_d1_recorte_TrintaDois.jpg,trintaDois,Adapt,OO,OO,-0.8,INEED2P,0.000,0
frame_000250_d0_recorte_TrintaDois.jpg,trintaDois,Adapt,TTNEED2P,TTNEED2P,-0.8,INEED2P,0.143,0
frame_000250_d1_recorte_TrintaDois.jpg,trintaDois,Adapt,OO,OO,-0.8,INEED2P,0.000,0
frame_000251_d0_recorte_TrintaDois.jpg,trintaDois,Adapt,TTNEED2P,TTNEED2P,-0.8,INEED2P,0.143,0
frame_000251_d1_recorte_TrintaDois.jpg,trintaDois,Adapt,OO,OO,-0.8,INEED2P,0.000,0
frame_000252_d0_recorte_TrintaDois.jpg,trintaDois,Adapt,TTNEED2P,TTNEED2P,-0.8,INEED2P,0.143,0
frame_000252_d1_recorte_TrintaDois.jpg,trintaDois,Adapt,OO,OO,-0.8,INEED2P,0.000,0
frame_000253_d0_recorte_TrintaDois.jpg,trintaDois,Adapt,TTNEED2P,TTNEED2P,-0.8,INEED2P,0.143,0
frame_000253_d1_recorte_TrintaDois.jpg,trintaDois,Adapt,OO,OO,-0.8,INEED2P,0.000,0
frame_000254_d0_recorte_TrintaDois.jpg,trintaDois,Adapt,TTNEED2P,TTNEED2P,-0.8,INEED2P,0.143,0
frame_000254_d1_recorte_TrintaDois.jpg,trintaDois,Adapt,OO,OO,-0.8,INEED2P,0.000,0
frame_000255_d0_recorte_TrintaDois.jpg,trintaDois,Adapt,TTNEED2P,TTNEED2P,-0.8,INEED2P,0.143,0
frame_000255_d1_recorte_TrintaDois.jpg,trintaDois,Adapt,OO,OO,-0.8,INEED2P,0.000,0
frame_000256_d0_recorte_TrintaDois.jpg,trintaDois,Adapt,TTNEED2P,TTNEED2P,-0.8,INEED2P,0.143,0
frame_000256_d1_recorte_TrintaDois.jpg,trintaDois,Adapt,OO,OO,-0.8,INEED2P,0.000,0
frame_000257_d0_recorte_TrintaDois.jpg,trintaDois,Adapt,TTNEED2P,TTNEED2P,-0.8,INEED2P,0.143,0
frame_000257_d1_recorte_TrintaDois.jpg,trintaDois,Adapt,OO,OO,-0.8,INEED2P,0.000,0
frame_000258_d0_recorte_TrintaDois.jpg,trintaDois,Adapt,TTNEED2P,TTNEED2P,-0.8,INEED2P,0.143,0
frame_000258_d1_recorte_TrintaDois.jpg,trintaDois,Adapt,OO,OO,-0.8,INEED2P,0.000,0
frame_000259_d0_recorte_TrintaDois.jpg,trintaDois,Adapt,S66B5,S66B5,-0.8,88B88BB,0.000,0
frame_000260_d0_recorte_TrintaDois.jpg,trintaDois,Adapt,BEEBBI,BEEBBI,-0.8,88B88BB,0.000,0
frame_000261_d0_recorte_TrintaDois.jpg,trintaDois,Adapt,BEEBBI,BEEBBI,-0.8,88B88BB,0.000,0
frame_000262_d0_recorte_TrintaDois.jpg,trintaDois,Adapt,BEEBBI,BEEBBI,-0.8,88B88BB,0.000,0
frame_000263_d0_recorte_TrintaDois.jpg,trintaDois,Adapt,BEEBBI,BEEBBI,-0.8,88B88BB,0.000,0
frame_000264_d0_recorte_TrintaDois.jpg,trintaDois,Adapt,BEEBBI,BEEBBI,-0.8,88B88BB,0.000,0
frame_000265_d0_recorte_TrintaDois.jpg,trintaDois,Adapt,BEEBBI,BEEBBI,-0.8,88B88BB,0.000,0
frame_000266_d0_recorte_TrintaDois.jpg,trintaDois,Adapt,BEEBBI,BEEBBI,-0.8,88B88BB,0.000,0
frame_000267_d0_recorte_TrintaDois.jpg,trintaDois,Adapt,TRSBBBBBI,TRSBBBBBI,-0.8,88B88BB,0.286,0
frame_000268_d0_recorte_TrintaDois.jpg,trintaDois,Adapt,TRSBBBBBI,TRSBBBBBI,-0.8,88B88BB,0.286,0
frame_000269_d0_recorte_TrintaDois.jpg,trintaDois,Adapt,TRSBBBBBI,TRSBBBBBI,-0.8,88B88BB,0.286,0
frame_000270_d0_recorte_TrintaDois.jpg,trintaDois,Adapt,TRSBBBBBI,TRSBBBBBI,-0.8,88B88BB,0.286,0
frame_000271_d0_recorte_TrintaDois.jpg,trintaDois,Adapt,TRSBBBBBI,TRSBBBBBI,-0.8,88B88BB,0.286,0
frame_000272_d0_recorte_TrintaDois.jpg,trintaDois,Adapt,TRSBBBBBI,TRSBBBBBI,-0.8,88B88BB,0.286,0
frame_000273_d0_recorte_TrintaDois.jpg,trintaDois,Adapt,TRSBBBBBI,TRSBBBBBI,-0.8,88B88BB,0.286,0
frame_000274_d0_recorte_TrintaDois.jpg,trintaDois,Adapt,TRSBBBBBI,TRSBBBBBI,-0.8,88B88BB,0.286,0
frame_000275_d0_recorte_TrintaDois.jpg,trintaDois,Adapt,TRSBBBBBI,TRSBBBBBI,-0.8,88B88BB,0.286,0
frame_000276_d0_recorte_TrintaDois.jpg,trintaDois,Adapt,TRSBBBBBI,TRSBBBBBI,-0.8,88B88BB,0.286,0
frame_000277_d0_recorte_TrintaDois.jpg,trintaDois,Adapt,TRSBBBBBI,TRSBBBBBI,-0.8,88B88BB,0.286,0
frame_000278_d0_recorte_TrintaDois.jpg,trintaDois,Adapt,TRSBBBBBI,TRSBBBBBI,-0.8,88B88BB,0.286,0
frame_000279_d0_recorte_TrintaDois.jpg,trintaDois,Adapt,TRSBBBBBI,TRSBBBBBI,-0.8,88B88BB,0.286,0
frame_000280_d0_recorte_TrintaDois.jpg,trintaDois,Adapt,TRSBBBBBI,TRSBBBBBI,-0.8,88B88BB,0.286,0
frame_000281_d0_recorte_TrintaDois.jpg,trintaDois,Adapt,TRSBBBBBI,TRSBBBBBI,-0.8,88B88BB,0.286,0
frame_000282_d0_recorte_TrintaDois.jpg,trintaDois,Adapt,TRSBBBBBI,TRSBBBBBI,-0.8,88B88BB,0.286,0
frame_000283_d0_recorte_TrintaDois.jpg,trintaDois,Adapt,TRSBBBBBI,TRSBBBBBI,-0.8,88B88BB,0.286,0
frame_000284_d0_recorte_TrintaDois.jpg,trintaDois,Adapt,TRSBBBBBI,TRSBBBBBI,-0.8,88B88BB,0.286,0
frame_000285_d0_recorte_TrintaDois.jpg,trintaDois,Adapt,TRSBBBBBI,TRSBBBBBI,-0.8,88B88BB,0.286,0
frame_000286_d0_recorte_TrintaDois.jpg,trintaDois,Adapt,TRSBBBBBI,TRSBBBBBI,-0.8,88B88BB,0.286,0
frame_000287_d0_recorte_TrintaDois.jpg,trintaDois,Adapt,TRSBBBBBI,TRSBBBBBI,-0.8,88B88BB,0.286,0
frame_000288_d0_recorte_TrintaDois.jpg,trintaDois,Adapt,TRSBBBBBI,TRSBBBBBI,-0.8,88B88BB,0.286,0
frame_000289_d0_recorte_TrintaDois.jpg,trintaDois,Adapt,TRSBBBBBI,TRSBBBBBI,-0.8,88B88BB,0.286,0
frame_000290_d0_recorte_TrintaDois.jpg,trintaDois,Adapt,TRSBBBBBI,TRSBBBBBI,-0.8,88B88BB,0.286,0
frame_000291_d0_recorte_TrintaDois.jpg,trintaDois,Adapt,TRSBBBBBI,TRSBBBBBI,-0.8,88B88BB,0.286,0
frame_000292_d0_recorte_TrintaDois.jpg,trintaDois,Adapt,TRSBBBBBI,TRSBBBBBI,-0.8,88B88BB,0.286,0
frame_000293_d0_recorte_TrintaDois.jpg,trintaDois,Adapt,TRSBBBBBI,TRSBBBBBI,-0.8,88B88BB,0.286,0
frame_000294_d0_recorte_TrintaDois.jpg,trintaDois,Adapt,TRSBBBBBI,TRSBBBBBI,-0.8,88B88BB,0.286,0
frame_000295_d0_recorte_TrintaDois.jpg,trintaDois,Adapt,TASBBBBBI,TASBBBBBI,-0.8,88B88BB,0.286,0
frame_000296_d0_recorte_TrintaDois.jpg,trintaDois,Adapt,TBSBBBBBI,TBSBBBBBI,-0.8,88B88BB,0.286,0
frame_000297_d0_recorte_TrintaDois.jpg,trintaDois,Adapt,TBSBBBBBI,TBSBBBBBI,-0.8,88B88BB,0.286,0
frame_000298_d0_recorte_TrintaDois.jpg,trintaDois,Adapt,TBSBBBBBI,TBSBBBBBI,-0.8,88B88BB,0.286,0
frame_000299_d0_recorte_TrintaDois.jpg,trintaDois,Adapt,TBSBBBBBI,TBSBBBBBI,-0.8,88B88BB,0.286,0
frame_000300_d0_recorte_TrintaDois.jpg,trintaDois,Adapt,TBSBBBBBI,TBSBBBBBI,-0.8,88B88BB,0.286,0
frame_000301_d0_recorte_TrintaDois.jpg,trintaDois,Adapt,TBSBBBBBI,TBSBBBBBI,-0.8,88B88BB,0.286,0
frame_000302_d0_recorte_TrintaDois.jpg,trintaDois,Adapt,TBSBBBBBI,TBSBBBBBI,-0.8,88B88BB,0.286,0
frame_000303_d0_recorte_TrintaDois.jpg,trintaDois,Adapt,TBSBBBBBI,TBSBBBBBI,-0.8,88B88BB,0.286,0
frame_000304_d0_recorte_TrintaDois.jpg,trintaDois,Adapt,TBSBBBBBI,TBSBBBBBI,-0.8,88B88BB,0.286,0
frame_000305_d0_recorte_TrintaDois.jpg,trintaDois,Adapt,TBSBBBBBI,TBSBBBBBI,-0.8,88B88BB,0.286,0
frame_000306_d0_recorte_TrintaDois.jpg,trintaDois,Adapt,TBSBBBBBI,TBSBBBBBI,-0.8,88B88BB,0.286,0
frame_000307_d0_recorte_TrintaDois.jpg,trintaDois,Adapt,TBSBBBBBI,TBSBBBBBI,-0.8,88B88BB,0.286,0
